product_id,product_name,category,subcategory,brand,mrp,selling_price,discount_pct,cost_price,weight_kg,rating,review_count,stock_quantity,is_active,launch_date,supplier_id
PROD0001,Toyzone Action Figures 917,Toys & Games,Action Figures,Toyzone,5928.0,3557.0,40,2035.0,6.87,3.7,1408,222,1,2022-09-29,SUP028
PROD0002,Funskool Action Figures 513,Toys & Games,Action Figures,Funskool,6215.0,6215.0,0,2940.0,4.13,3.4,3223,327,1,2019-04-25,SUP034
PROD0003,Sony Mobile Phones 421,Electronics,Mobile Phones,Sony,18098.0,12669.0,30,6047.0,4.76,4.7,3292,59,1,2018-09-23,SUP038
PROD0004,Philips Furniture 441,Home & Kitchen,Furniture,Philips,32436.0,27571.0,15,15335.0,8.35,3.2,2245,68,1,2019-09-02,SUP006
PROD0005,Bosch Bike Accessories 156,Automotive,Bike Accessories,Bosch,11739.0,7043.0,40,3431.0,5.91,4.8,4117,213,0,2019-06-28,SUP015
PROD0006,Biotique Haircare 107,Beauty & Health,Haircare,Biotique,3874.0,3293.0,15,2250.0,10.16,4.3,4869,266,1,2018-10-23,SUP018
PROD0007,Cosco Yoga 543,Sports & Fitness,Yoga,Cosco,6593.0,3296.0,50,2160.0,12.88,4.4,727,266,1,2018-02-02,SUP030
PROD0008,Faber-Castell Storage 397,Office Supplies,Storage,Faber-Castell,4567.0,3882.0,15,2459.0,8.48,3.1,3651,150,1,2019-03-23,SUP026
PROD0009,Biotique Supplements 685,Beauty & Health,Supplements,Biotique,4170.0,2085.0,50,1165.0,13.44,4.9,859,224,1,2021-08-09,SUP041
PROD0010,Cosco Gym Equipment 287,Sports & Fitness,Gym Equipment,Cosco,10158.0,9650.0,5,5322.0,1.48,2.6,2664,116,1,2021-03-11,SUP021
PROD0011,Aashirvaad Spices 863,Grocery,Spices,Aashirvaad,1317.0,1054.0,20,587.0,12.93,5.0,1866,214,1,2019-06-25,SUP013
PROD0012,Dabur Dairy 612,Grocery,Dairy,Dabur,1041.0,520.0,50,323.0,13.04,5.0,4990,207,0,2022-05-16,SUP047
PROD0013,Xiaomi Laptops 542,Electronics,Laptops,Xiaomi,38453.0,26917.0,30,18662.0,2.54,4.2,3494,217,1,2021-04-08,SUP037
PROD0014,Biotique Supplements 466,Beauty & Health,Supplements,Biotique,2681.0,2279.0,15,1531.0,11.39,2.5,1866,191,1,2022-01-20,SUP018
PROD0015,Peter England Jewellery 561,Fashion,Jewellery,Peter England,12815.0,6408.0,50,4309.0,13.44,3.9,1721,395,1,2022-04-22,SUP011
PROD0016,Oxford Business 671,Books,Business,Oxford,1098.0,769.0,30,421.0,7.76,3.1,558,420,1,2018-12-07,SUP017
PROD0017,3M Bike Accessories 400,Automotive,Bike Accessories,3M,3768.0,1884.0,50,930.0,4.96,2.8,4292,349,1,2018-09-02,SUP022
PROD0018,H&M Women Clothing 907,Fashion,Women Clothing,H&M,10982.0,8236.0,25,3614.0,13.12,3.5,3060,441,1,2021-07-13,SUP039
PROD0019,Boat Cameras 871,Electronics,Cameras,Boat,11946.0,9557.0,20,5771.0,10.64,2.9,1077,401,1,2022-01-27,SUP034
PROD0020,Classmate Storage 344,Office Supplies,Storage,Classmate,628.0,628.0,0,417.0,4.62,4.2,2674,387,1,2020-08-12,SUP012
PROD0021,Mamaearth Supplements 303,Beauty & Health,Supplements,Mamaearth,4040.0,4040.0,0,2352.0,3.92,3.3,4758,455,1,2018-12-19,SUP040
PROD0022,Philips Decor 885,Home & Kitchen,Decor,Philips,36411.0,29129.0,20,13937.0,6.12,2.5,391,127,1,2021-04-17,SUP006
PROD0023,Realme Laptops 336,Electronics,Laptops,Realme,63019.0,47264.0,25,27193.0,5.41,3.2,4224,53,1,2022-10-16,SUP004
PROD0024,Bata Men Clothing 410,Fashion,Men Clothing,Bata,11271.0,5636.0,50,2718.0,8.43,4.0,2720,299,1,2019-03-29,SUP025
PROD0025,Castrol Car Accessories 979,Automotive,Car Accessories,Castrol,16773.0,12580.0,25,5716.0,4.56,3.2,540,423,1,2022-03-20,SUP031
PROD0026,Cosco Football 377,Sports & Fitness,Football,Cosco,7829.0,3914.0,50,2739.0,4.83,4.1,1433,90,1,2020-06-17,SUP018
PROD0027,Canon Whiteboards 527,Office Supplies,Whiteboards,Canon,3700.0,3330.0,10,2295.0,13.67,4.8,371,437,1,2021-10-05,SUP019
PROD0028,Yonex Swimming 738,Sports & Fitness,Swimming,Yonex,761.0,761.0,0,515.0,10.59,4.5,3826,113,1,2019-03-25,SUP028
PROD0029,HarperCollins Business 507,Books,Business,HarperCollins,1921.0,1153.0,40,625.0,8.08,3.5,731,476,0,2021-05-21,SUP005
PROD0030,Cosco Football 273,Sports & Fitness,Football,Cosco,6528.0,6202.0,5,4020.0,15.0,3.1,1693,431,1,2020-06-17,SUP019
PROD0031,Nestle Staples 554,Grocery,Staples,Nestle,1623.0,1542.0,5,641.0,12.67,2.7,80,484,1,2021-03-30,SUP020
PROD0032,Hawkins Furniture 804,Home & Kitchen,Furniture,Hawkins,37552.0,18776.0,50,12436.0,10.7,4.6,4516,249,1,2020-07-28,SUP050
PROD0033,LG Cameras 194,Electronics,Cameras,LG,81837.0,73653.0,10,51059.0,13.51,4.5,3154,191,1,2018-06-16,SUP007
PROD0034,Sony Laptops 584,Electronics,Laptops,Sony,47628.0,47628.0,0,23838.0,7.5,4.5,3598,195,1,2021-02-24,SUP031
PROD0035,CEAT Tyres 157,Automotive,Tyres,CEAT,14277.0,13563.0,5,8375.0,5.63,4.6,2760,335,1,2019-03-04,SUP030
PROD0036,Puma Women Clothing 123,Fashion,Women Clothing,Puma,7677.0,5374.0,30,3406.0,7.96,4.2,3730,250,1,2018-11-03,SUP041
PROD0037,Biotique Medical Devices 105,Beauty & Health,Medical Devices,Biotique,648.0,486.0,25,313.0,9.24,3.1,2874,361,1,2018-11-10,SUP008
PROD0038,Patanjali Supplements 983,Beauty & Health,Supplements,Patanjali,3999.0,3999.0,0,1720.0,11.81,2.8,3531,35,1,2022-02-22,SUP012
PROD0039,Meguiars Tools 722,Automotive,Tools,Meguiars,5433.0,5161.0,5,3167.0,1.92,4.8,4726,349,1,2019-12-01,SUP017
PROD0040,Amul Staples 812,Grocery,Staples,Amul,1590.0,1431.0,10,923.0,10.58,4.9,4834,364,1,2019-02-17,SUP029
PROD0041,Xiaomi Headphones 252,Electronics,Headphones,Xiaomi,121574.0,109417.0,10,43813.0,7.1,3.0,850,339,0,2019-12-20,SUP026
PROD0042,Oxford Self-Help 454,Books,Self-Help,Oxford,273.0,273.0,0,165.0,14.09,3.1,4502,123,1,2020-10-11,SUP046
PROD0043,Lakme Haircare 477,Beauty & Health,Haircare,Lakme,4920.0,4428.0,10,2465.0,0.79,4.2,2976,424,1,2021-04-06,SUP035
PROD0044,Himalaya Supplements 557,Beauty & Health,Supplements,Himalaya,2929.0,2929.0,0,1372.0,7.47,4.0,4306,339,0,2018-11-28,SUP003
PROD0045,Nestle Organic 750,Grocery,Organic,Nestle,1620.0,1620.0,0,776.0,6.77,2.6,2927,372,1,2019-10-25,SUP020
PROD0046,Xiaomi Laptops 392,Electronics,Laptops,Xiaomi,29111.0,14556.0,50,7783.0,2.42,4.7,591,92,0,2019-03-18,SUP002
PROD0047,3M Car Accessories 445,Automotive,Car Accessories,3M,166.0,166.0,0,92.0,9.18,4.6,2574,226,1,2021-09-15,SUP042
PROD0048,Meguiars Oils & Fluids 795,Automotive,Oils & Fluids,Meguiars,1128.0,564.0,50,237.0,12.46,2.5,2054,194,1,2019-05-08,SUP003
PROD0049,Nivia Gym Equipment 435,Sports & Fitness,Gym Equipment,Nivia,1422.0,995.0,30,432.0,10.59,3.7,1947,327,1,2018-08-14,SUP019
PROD0050,Realme Headphones 204,Electronics,Headphones,Realme,102999.0,51500.0,50,25932.0,13.8,2.8,4427,184,1,2019-07-01,SUP034
PROD0051,Apple TV & Monitors 772,Electronics,TV & Monitors,Apple,96484.0,91660.0,5,51153.0,3.8,3.0,61,479,1,2018-12-21,SUP027
PROD0052,Sony Cameras 241,Electronics,Cameras,Sony,137695.0,130810.0,5,78112.0,10.66,2.5,2592,421,1,2018-10-20,SUP002
PROD0053,Fabindia Sunglasses 225,Fashion,Sunglasses,Fabindia,12857.0,9643.0,25,4689.0,0.68,3.9,2864,91,1,2019-04-16,SUP013
PROD0054,Faber-Castell Whiteboards 727,Office Supplies,Whiteboards,Faber-Castell,1371.0,960.0,30,544.0,1.56,4.2,1856,489,1,2021-05-02,SUP039
PROD0055,Lego Action Figures 756,Toys & Games,Action Figures,Lego,6813.0,4088.0,40,2104.0,3.96,4.0,3413,13,1,2019-09-12,SUP012
PROD0056,LOreal Makeup 757,Beauty & Health,Makeup,LOreal,2744.0,2607.0,5,1165.0,8.43,2.7,4082,151,1,2021-03-30,SUP015
PROD0057,Bosch Bike Accessories 176,Automotive,Bike Accessories,Bosch,1630.0,1222.0,25,652.0,8.48,4.2,4375,73,1,2018-03-13,SUP028
PROD0058,Prestige Lighting 217,Home & Kitchen,Lighting,Prestige,16426.0,9856.0,40,4034.0,0.5,3.1,2878,8,1,2020-10-11,SUP047
PROD0059,Mamaearth Medical Devices 112,Beauty & Health,Medical Devices,Mamaearth,4045.0,2427.0,40,1274.0,13.74,3.4,3018,290,1,2019-04-27,SUP041
PROD0060,Bata Sunglasses 956,Fashion,Sunglasses,Bata,9261.0,7872.0,15,3162.0,10.39,4.7,793,159,1,2019-06-09,SUP040
PROD0061,Nilkamal Storage 736,Home & Kitchen,Storage,Nilkamal,38034.0,19017.0,50,7613.0,7.98,4.3,3662,44,1,2021-01-25,SUP016
PROD0062,Canon Stationery 174,Office Supplies,Stationery,Canon,5624.0,5624.0,0,3460.0,1.44,3.9,3746,140,1,2020-11-14,SUP044
PROD0063,Lakme Haircare 848,Beauty & Health,Haircare,Lakme,1743.0,1220.0,30,526.0,5.29,3.7,541,37,1,2020-06-14,SUP024
PROD0064,Scholastic Non-Fiction 225,Books,Non-Fiction,Scholastic,160.0,136.0,15,77.0,3.56,3.9,4402,276,1,2019-10-07,SUP016
PROD0065,Lakme Supplements 803,Beauty & Health,Supplements,Lakme,1996.0,998.0,50,447.0,5.9,3.5,2026,418,1,2022-12-12,SUP004
PROD0066,Scholastic Business 651,Books,Business,Scholastic,494.0,469.0,5,287.0,1.15,3.0,888,143,1,2021-05-08,SUP032
PROD0067,Hasbro Board Games 645,Toys & Games,Board Games,Hasbro,4215.0,3794.0,10,1666.0,13.31,5.0,654,439,1,2021-11-03,SUP032
PROD0068,Realme TV & Monitors 380,Electronics,TV & Monitors,Realme,30042.0,21029.0,30,11615.0,14.35,4.6,1102,20,1,2022-05-25,SUP014
PROD0069,Decathlon Cricket 789,Sports & Fitness,Cricket,Decathlon,6564.0,5908.0,10,3179.0,9.73,4.2,2588,480,1,2021-10-16,SUP022
PROD0070,HarperCollins Business 799,Books,Business,HarperCollins,177.0,106.0,40,66.0,10.14,4.9,3950,152,1,2022-06-21,SUP017
PROD0071,S.Chand Children 377,Books,Children,S.Chand,1031.0,722.0,30,451.0,13.36,3.5,4858,10,1,2022-04-10,SUP041
PROD0072,Realme Smart Watches 552,Electronics,Smart Watches,Realme,146421.0,73210.0,50,32324.0,13.77,3.2,4631,257,1,2018-10-09,SUP029
PROD0073,Cosco Cycling 596,Sports & Fitness,Cycling,Cosco,21542.0,15079.0,30,8232.0,12.94,3.2,994,454,1,2021-09-19,SUP014
PROD0074,S.Chand Children 110,Books,Children,S.Chand,498.0,249.0,50,119.0,9.86,2.7,2123,285,1,2022-04-24,SUP025
PROD0075,Haldirams Organic 423,Grocery,Organic,Haldirams,774.0,387.0,50,212.0,5.24,4.3,3931,150,1,2020-01-01,SUP031
PROD0076,Amul Snacks 640,Grocery,Snacks,Amul,564.0,536.0,5,262.0,9.32,4.3,1664,373,1,2021-05-13,SUP028
PROD0077,Meguiars Bike Accessories 731,Automotive,Bike Accessories,Meguiars,8847.0,8405.0,5,3898.0,14.68,3.0,1222,365,0,2022-06-24,SUP047
PROD0078,Classmate Whiteboards 480,Office Supplies,Whiteboards,Classmate,5475.0,4106.0,25,2722.0,1.29,4.6,3209,299,0,2022-06-05,SUP046
PROD0079,Lego Educational 668,Toys & Games,Educational,Lego,6541.0,6214.0,5,3047.0,10.89,2.9,3448,129,1,2018-08-02,SUP011
PROD0080,Nivia Yoga 869,Sports & Fitness,Yoga,Nivia,14321.0,12889.0,10,6737.0,1.32,2.8,3644,279,1,2020-07-12,SUP030
PROD0081,Adidas Sunglasses 907,Fashion,Sunglasses,Adidas,2558.0,2046.0,20,959.0,5.28,3.1,4686,439,1,2019-06-25,SUP031
PROD0082,MRF Tyres 675,Automotive,Tyres,MRF,6234.0,5299.0,15,3065.0,7.68,3.8,1426,442,1,2019-01-26,SUP030
PROD0083,Funskool Board Games 767,Toys & Games,Board Games,Funskool,2928.0,2050.0,30,1337.0,9.9,4.9,4846,293,1,2021-12-04,SUP013
PROD0084,Bosch Oils & Fluids 186,Automotive,Oils & Fluids,Bosch,18168.0,17260.0,5,10514.0,6.11,3.6,113,333,1,2019-03-02,SUP035
PROD0085,SG Gym Equipment 658,Sports & Fitness,Gym Equipment,SG,14741.0,7370.0,50,4787.0,0.51,3.0,165,12,1,2021-02-20,SUP039
PROD0086,Mamaearth Makeup 730,Beauty & Health,Makeup,Mamaearth,1323.0,662.0,50,372.0,9.86,4.7,4921,372,1,2020-07-31,SUP013
PROD0087,MRF Oils & Fluids 974,Automotive,Oils & Fluids,MRF,5291.0,3704.0,30,2229.0,4.87,4.6,2927,298,1,2022-03-11,SUP036
PROD0088,Boat Cameras 820,Electronics,Cameras,Boat,46732.0,42059.0,10,24461.0,7.07,3.6,3728,197,1,2018-07-28,SUP010
PROD0089,Classmate Printers 149,Office Supplies,Printers,Classmate,2241.0,1345.0,40,598.0,6.77,4.0,1759,358,1,2019-01-18,SUP022
PROD0090,Yonex Cricket 150,Sports & Fitness,Cricket,Yonex,14921.0,10445.0,30,5882.0,0.22,4.2,4250,131,1,2019-10-05,SUP037
PROD0091,LOreal Supplements 147,Beauty & Health,Supplements,LOreal,1794.0,1346.0,25,843.0,0.58,3.5,1049,1,1,2022-08-14,SUP003
PROD0092,Himalaya Supplements 241,Beauty & Health,Supplements,Himalaya,4945.0,3709.0,25,2430.0,7.63,3.8,4759,19,1,2020-09-09,SUP012
PROD0093,Faber-Castell Storage 948,Office Supplies,Storage,Faber-Castell,4076.0,2038.0,50,984.0,3.67,4.2,4143,256,1,2018-09-20,SUP018
PROD0094,Hawkins Bedding 719,Home & Kitchen,Bedding,Hawkins,15783.0,11048.0,30,7294.0,10.25,4.2,715,145,1,2018-03-25,SUP011
PROD0095,Funskool Educational 784,Toys & Games,Educational,Funskool,2477.0,1238.0,50,738.0,13.85,4.7,1228,318,1,2022-02-26,SUP005
PROD0096,HP Printers 969,Office Supplies,Printers,HP,2341.0,1170.0,50,590.0,12.83,4.7,4763,147,1,2021-03-12,SUP047
PROD0097,CEAT Tyres 842,Automotive,Tyres,CEAT,16084.0,8042.0,50,3720.0,10.47,4.4,1165,9,1,2021-08-18,SUP017
PROD0098,Decathlon Cycling 529,Sports & Fitness,Cycling,Decathlon,10347.0,9312.0,10,6289.0,4.51,3.3,1598,174,1,2019-08-16,SUP017
PROD0099,Dabur Spices 425,Grocery,Spices,Dabur,338.0,237.0,30,130.0,14.12,3.4,4493,498,1,2019-04-23,SUP034
PROD0100,CEAT Tools 497,Automotive,Tools,CEAT,12871.0,11584.0,10,6461.0,9.44,3.9,4595,405,1,2021-09-03,SUP023
PROD0101,3M Car Accessories 646,Automotive,Car Accessories,3M,14889.0,14145.0,5,7065.0,6.01,3.5,2578,67,1,2022-12-18,SUP031
PROD0102,Boat Smart Watches 468,Electronics,Smart Watches,Boat,46166.0,41549.0,10,27622.0,2.49,4.1,1935,117,1,2022-08-02,SUP044
PROD0103,Fabindia Jewellery 793,Fashion,Jewellery,Fabindia,2411.0,2411.0,0,1307.0,9.18,3.4,4971,169,1,2020-07-01,SUP025
PROD0104,Yonex Football 454,Sports & Fitness,Football,Yonex,25076.0,18807.0,25,11166.0,9.23,4.1,4271,136,1,2020-12-28,SUP015
PROD0105,Himalaya Haircare 581,Beauty & Health,Haircare,Himalaya,650.0,455.0,30,217.0,6.7,3.8,1445,481,1,2021-06-29,SUP049
PROD0106,Rupa Fiction 657,Books,Fiction,Rupa,626.0,532.0,15,263.0,6.94,2.7,2046,152,1,2018-09-15,SUP041
PROD0107,Britannia Snacks 602,Grocery,Snacks,Britannia,977.0,586.0,40,344.0,8.82,4.4,2845,309,1,2019-08-26,SUP012
PROD0108,Prestige Storage 358,Home & Kitchen,Storage,Prestige,41629.0,37466.0,10,20484.0,0.44,3.9,1118,264,1,2022-05-27,SUP040
PROD0109,Boat Headphones 454,Electronics,Headphones,Boat,33134.0,29821.0,10,17957.0,4.31,5.0,2494,67,1,2020-06-01,SUP033
PROD0110,Himalaya Skincare 953,Beauty & Health,Skincare,Himalaya,3006.0,2104.0,30,1307.0,0.12,3.6,256,221,1,2022-06-21,SUP003
PROD0111,Fisher-Price Board Games 770,Toys & Games,Board Games,Fisher-Price,6550.0,6550.0,0,3345.0,8.87,4.9,4957,349,1,2018-07-12,SUP012
PROD0112,Amul Beverages 896,Grocery,Beverages,Amul,99.0,99.0,0,64.0,9.26,3.9,2009,245,1,2020-08-29,SUP033
PROD0113,LOreal Skincare 191,Beauty & Health,Skincare,LOreal,104.0,52.0,50,23.0,13.99,3.2,1028,19,1,2020-09-01,SUP032
PROD0114,LOreal Supplements 137,Beauty & Health,Supplements,LOreal,2780.0,2780.0,0,1626.0,4.93,4.6,852,444,1,2018-07-03,SUP050
PROD0115,Lego Board Games 786,Toys & Games,Board Games,Lego,5389.0,5120.0,5,2607.0,2.84,3.0,2598,11,1,2021-09-16,SUP043
PROD0116,Boat Tablets 866,Electronics,Tablets,Boat,102445.0,51222.0,50,35472.0,13.02,4.7,2431,121,1,2020-02-09,SUP034
PROD0117,Meguiars Bike Accessories 481,Automotive,Bike Accessories,Meguiars,18439.0,12907.0,30,8876.0,10.25,3.5,302,324,1,2021-12-14,SUP049
PROD0118,Canon Storage 932,Office Supplies,Storage,Canon,8007.0,6005.0,25,2475.0,1.67,3.5,4002,59,1,2019-07-19,SUP010
PROD0119,Xiaomi Mobile Phones 412,Electronics,Mobile Phones,Xiaomi,72993.0,36496.0,50,19008.0,3.17,4.1,1138,156,0,2018-05-03,SUP031
PROD0120,SG Yoga 348,Sports & Fitness,Yoga,SG,20265.0,20265.0,0,10501.0,9.03,4.7,1071,297,1,2021-02-15,SUP013
PROD0121,Canon Storage 565,Office Supplies,Storage,Canon,9865.0,8878.0,10,4241.0,6.17,4.5,3014,187,1,2019-05-24,SUP021
PROD0122,Nivia Cycling 696,Sports & Fitness,Cycling,Nivia,24732.0,14839.0,40,9996.0,10.98,4.1,4932,326,1,2018-09-28,SUP022
PROD0123,Yonex Cricket 453,Sports & Fitness,Cricket,Yonex,26253.0,22315.0,15,12357.0,11.73,3.7,1632,203,1,2022-08-28,SUP012
PROD0124,Zara Bags & Wallets 525,Fashion,Bags & Wallets,Zara,3975.0,2782.0,30,1849.0,2.31,4.4,668,82,1,2022-04-26,SUP020
PROD0125,Britannia Spices 935,Grocery,Spices,Britannia,1097.0,823.0,25,553.0,3.43,2.5,4172,299,1,2018-10-17,SUP017
PROD0126,Zara Bags & Wallets 432,Fashion,Bags & Wallets,Zara,5207.0,5207.0,0,3255.0,2.85,4.5,4772,464,1,2018-06-29,SUP019
PROD0127,Yonex Cycling 231,Sports & Fitness,Cycling,Yonex,1067.0,1067.0,0,481.0,9.1,4.1,4679,482,1,2018-07-21,SUP031
PROD0128,Funskool Action Figures 746,Toys & Games,Action Figures,Funskool,1670.0,1670.0,0,1040.0,5.94,4.5,454,167,1,2018-04-20,SUP031
PROD0129,CEAT Bike Accessories 262,Automotive,Bike Accessories,CEAT,8935.0,8935.0,0,6052.0,8.69,3.5,752,495,1,2022-04-02,SUP022
PROD0130,Canon Printers 286,Office Supplies,Printers,Canon,7689.0,6151.0,20,2973.0,13.91,3.7,117,415,1,2018-12-06,SUP016
PROD0131,Nilkamal Furniture 592,Office Supplies,Furniture,Nilkamal,6964.0,5571.0,20,2797.0,3.04,4.3,1279,429,1,2020-04-20,SUP004
PROD0132,Meguiars Car Accessories 615,Automotive,Car Accessories,Meguiars,4032.0,3427.0,15,2397.0,10.48,4.7,65,82,1,2018-07-25,SUP042
PROD0133,Canon Whiteboards 779,Office Supplies,Whiteboards,Canon,5687.0,2844.0,50,1896.0,11.3,4.3,4404,86,1,2018-12-31,SUP040
PROD0134,Lakme Medical Devices 955,Beauty & Health,Medical Devices,Lakme,4037.0,2018.0,50,811.0,9.43,3.0,4087,242,1,2018-01-05,SUP023
PROD0135,MRF Tyres 629,Automotive,Tyres,MRF,10215.0,9194.0,10,6319.0,7.5,3.1,4371,4,1,2019-11-12,SUP036
PROD0136,Realme TV & Monitors 434,Electronics,TV & Monitors,Realme,68755.0,61880.0,10,34697.0,3.51,3.6,64,331,1,2021-03-07,SUP033
PROD0137,HP Whiteboards 163,Office Supplies,Whiteboards,HP,9359.0,5615.0,40,2866.0,10.48,2.9,982,365,1,2022-09-22,SUP013
PROD0138,Adidas Men Clothing 493,Fashion,Men Clothing,Adidas,6054.0,4540.0,25,2989.0,0.48,4.4,3401,102,1,2018-03-04,SUP003
PROD0139,Asian Paints Bedding 581,Home & Kitchen,Bedding,Asian Paints,19697.0,15758.0,20,9578.0,4.04,4.5,3734,326,1,2021-08-18,SUP023
PROD0140,Asian Paints Decor 751,Home & Kitchen,Decor,Asian Paints,2489.0,2240.0,10,1541.0,5.34,4.9,3204,405,1,2018-09-08,SUP017
PROD0141,Hasbro Board Games 666,Toys & Games,Board Games,Hasbro,6357.0,3814.0,40,2044.0,13.49,3.1,3775,79,1,2021-10-07,SUP015
PROD0142,Britannia Dairy 865,Grocery,Dairy,Britannia,1584.0,1584.0,0,830.0,10.33,3.4,2185,462,1,2021-12-05,SUP021
PROD0143,Nivia Cycling 924,Sports & Fitness,Cycling,Nivia,29861.0,17917.0,40,9607.0,14.02,4.9,4792,366,1,2019-08-28,SUP021
PROD0144,SG Cycling 864,Sports & Fitness,Cycling,SG,13927.0,11838.0,15,7153.0,7.55,4.0,2013,107,1,2018-05-07,SUP023
PROD0145,Reebok Swimming 410,Sports & Fitness,Swimming,Reebok,10636.0,10104.0,5,4810.0,11.27,3.9,1698,272,1,2018-12-23,SUP028
PROD0146,Classmate Furniture 265,Office Supplies,Furniture,Classmate,327.0,262.0,20,180.0,1.33,4.2,3710,173,1,2020-02-29,SUP047
PROD0147,Biotique Makeup 632,Beauty & Health,Makeup,Biotique,3811.0,3811.0,0,1667.0,10.33,3.2,4422,477,1,2021-02-19,SUP023
PROD0148,Samsung Cameras 486,Electronics,Cameras,Samsung,72845.0,36422.0,50,19301.0,5.13,2.7,3028,443,1,2021-01-02,SUP003
PROD0149,Hawkins Lighting 317,Home & Kitchen,Lighting,Hawkins,32514.0,26011.0,20,15793.0,14.09,4.9,3717,39,1,2020-02-04,SUP048
PROD0150,Asian Paints Storage 925,Home & Kitchen,Storage,Asian Paints,4290.0,2145.0,50,1180.0,11.38,2.7,826,40,0,2022-09-27,SUP045
PROD0151,Cosco Yoga 147,Sports & Fitness,Yoga,Cosco,2742.0,2056.0,25,1107.0,13.76,3.5,429,305,1,2021-01-31,SUP049
PROD0152,Reebok Swimming 925,Sports & Fitness,Swimming,Reebok,6514.0,4886.0,25,2208.0,8.27,3.1,1559,225,1,2019-11-20,SUP038
PROD0153,Aashirvaad Staples 984,Grocery,Staples,Aashirvaad,699.0,594.0,15,273.0,5.47,4.5,32,492,1,2019-03-26,SUP025
PROD0154,Patanjali Supplements 824,Beauty & Health,Supplements,Patanjali,4582.0,3436.0,25,2167.0,7.47,3.7,3139,387,1,2018-09-19,SUP006
PROD0155,Nilkamal Furniture 284,Office Supplies,Furniture,Nilkamal,3635.0,2544.0,30,1432.0,5.56,2.6,3511,0,1,2018-04-19,SUP031
PROD0156,Hasbro Board Games 511,Toys & Games,Board Games,Hasbro,1406.0,1336.0,5,599.0,12.84,3.9,2230,317,1,2018-08-01,SUP043
PROD0157,Oxford Academic 647,Books,Academic,Oxford,346.0,277.0,20,124.0,4.85,3.3,1601,330,1,2021-06-21,SUP003
PROD0158,Bosch Bike Accessories 563,Automotive,Bike Accessories,Bosch,8117.0,7305.0,10,4905.0,14.35,2.8,4535,104,1,2019-04-07,SUP025
PROD0159,Lego Educational 484,Toys & Games,Educational,Lego,2588.0,2200.0,15,1128.0,10.12,4.6,2397,306,0,2021-03-26,SUP043
PROD0160,Puma Footwear 869,Fashion,Footwear,Puma,7428.0,5200.0,30,3156.0,2.32,4.7,2081,170,1,2022-10-03,SUP020
PROD0161,3M Tyres 479,Automotive,Tyres,3M,3508.0,3157.0,10,1613.0,4.8,3.8,4723,428,0,2022-06-08,SUP017
PROD0162,Lakme Makeup 291,Beauty & Health,Makeup,Lakme,4729.0,4493.0,5,2968.0,8.67,2.5,4197,292,1,2021-01-06,SUP002
PROD0163,Himalaya Medical Devices 676,Beauty & Health,Medical Devices,Himalaya,3530.0,3000.0,15,1313.0,2.04,3.1,3439,387,1,2020-01-20,SUP040
PROD0164,Biotique Skincare 879,Beauty & Health,Skincare,Biotique,3442.0,2409.0,30,1641.0,4.13,4.9,1960,42,1,2018-01-08,SUP005
PROD0165,Scholastic Children 332,Books,Children,Scholastic,518.0,466.0,10,192.0,10.34,3.3,2331,93,0,2019-09-11,SUP035
PROD0166,Nike Jewellery 795,Fashion,Jewellery,Nike,12307.0,7384.0,40,4433.0,6.28,4.8,93,153,1,2019-05-11,SUP012
PROD0167,LG Laptops 662,Electronics,Laptops,LG,37939.0,26557.0,30,17691.0,5.0,2.7,3540,29,1,2018-10-12,SUP012
PROD0168,Godrej Stationery 886,Office Supplies,Stationery,Godrej,6975.0,5231.0,25,2390.0,14.64,4.6,249,311,1,2022-03-26,SUP031
PROD0169,Hawkins Cleaning 245,Home & Kitchen,Cleaning,Hawkins,16502.0,9901.0,40,6192.0,3.64,3.4,3913,349,1,2021-02-05,SUP043
PROD0170,Britannia Dairy 600,Grocery,Dairy,Britannia,1089.0,980.0,10,598.0,11.28,3.8,3609,295,1,2022-03-01,SUP026
PROD0171,Fisher-Price Educational 486,Toys & Games,Educational,Fisher-Price,7549.0,7549.0,0,3294.0,5.31,3.1,2654,405,1,2022-11-30,SUP037
PROD0172,Zara Women Clothing 486,Fashion,Women Clothing,Zara,5413.0,4330.0,20,2754.0,6.44,3.5,2165,369,1,2022-02-18,SUP049
PROD0173,3M Bike Accessories 122,Automotive,Bike Accessories,3M,1173.0,1173.0,0,587.0,7.97,3.2,806,210,1,2020-11-12,SUP050
PROD0174,Funskool Outdoor 813,Toys & Games,Outdoor,Funskool,1259.0,1196.0,5,530.0,1.75,4.8,841,388,1,2021-06-05,SUP030
PROD0175,Haldirams Spices 216,Grocery,Spices,Haldirams,596.0,447.0,25,191.0,5.55,3.3,3707,275,1,2021-06-12,SUP005
PROD0176,Oxford Fiction 824,Books,Fiction,Oxford,945.0,803.0,15,494.0,7.22,4.0,621,149,1,2018-03-23,SUP028
PROD0177,Nivia Football 299,Sports & Fitness,Football,Nivia,5406.0,2703.0,50,1265.0,9.8,4.4,762,48,1,2019-03-04,SUP041
PROD0178,Lego Action Figures 792,Toys & Games,Action Figures,Lego,1119.0,1119.0,0,513.0,13.92,2.7,255,123,1,2022-09-30,SUP030
PROD0179,Britannia Beverages 307,Grocery,Beverages,Britannia,876.0,657.0,25,433.0,5.57,2.7,43,210,1,2021-06-03,SUP016
PROD0180,Hawkins Decor 492,Home & Kitchen,Decor,Hawkins,28024.0,21018.0,25,11888.0,11.05,3.0,183,231,0,2019-12-21,SUP048
PROD0181,Scholastic Business 548,Books,Business,Scholastic,139.0,132.0,5,59.0,12.86,3.0,4015,201,1,2019-01-15,SUP025
PROD0182,Amul Beverages 498,Grocery,Beverages,Amul,794.0,556.0,30,224.0,13.41,3.5,1629,128,0,2018-08-15,SUP044
PROD0183,Xiaomi Headphones 610,Electronics,Headphones,Xiaomi,98595.0,49298.0,50,21666.0,7.97,3.0,3068,449,1,2019-05-22,SUP025
PROD0184,Canon Printers 973,Office Supplies,Printers,Canon,2739.0,2602.0,5,1578.0,2.75,4.4,992,408,1,2018-12-15,SUP042
PROD0185,Puma Footwear 989,Fashion,Footwear,Puma,7945.0,7548.0,5,3083.0,11.68,4.0,1937,78,1,2022-11-16,SUP044
PROD0186,Samsung Smart Watches 433,Electronics,Smart Watches,Samsung,65646.0,45952.0,30,24312.0,13.17,2.6,2547,249,1,2018-05-05,SUP011
PROD0187,S.Chand Academic 653,Books,Academic,S.Chand,662.0,463.0,30,222.0,6.1,4.0,1099,28,1,2020-03-27,SUP013
PROD0188,Scholastic Non-Fiction 674,Books,Non-Fiction,Scholastic,1575.0,788.0,50,468.0,10.17,3.0,407,314,0,2020-03-21,SUP027
PROD0189,Godrej Furniture 480,Office Supplies,Furniture,Godrej,7121.0,5341.0,25,2197.0,14.53,2.9,4637,116,1,2021-05-02,SUP031
PROD0190,Meguiars Bike Accessories 739,Automotive,Bike Accessories,Meguiars,3893.0,2920.0,25,1405.0,1.84,3.3,3631,355,1,2020-03-09,SUP016
PROD0191,Canon Printers 727,Office Supplies,Printers,Canon,6950.0,6602.0,5,3262.0,0.43,3.8,1089,251,1,2021-04-29,SUP047
PROD0192,Dabur Spices 395,Grocery,Spices,Dabur,558.0,558.0,0,317.0,4.9,4.6,2204,422,1,2021-02-19,SUP001
PROD0193,Scholastic Self-Help 877,Books,Self-Help,Scholastic,1233.0,1110.0,10,497.0,2.24,3.4,526,263,1,2021-06-13,SUP041
PROD0194,Cosco Yoga 343,Sports & Fitness,Yoga,Cosco,19614.0,11768.0,40,6269.0,0.82,4.0,4643,81,1,2020-09-13,SUP003
PROD0195,MRF Car Accessories 504,Automotive,Car Accessories,MRF,6494.0,3247.0,50,1355.0,3.46,2.5,4488,45,1,2020-08-24,SUP026
PROD0196,Penguin Business 400,Books,Business,Penguin,998.0,798.0,20,359.0,14.49,5.0,3973,351,1,2019-07-17,SUP004
PROD0197,LOreal Supplements 278,Beauty & Health,Supplements,LOreal,1768.0,1414.0,20,716.0,10.84,4.4,2113,194,1,2020-10-30,SUP016
PROD0198,Hasbro Outdoor 869,Toys & Games,Outdoor,Hasbro,4064.0,2438.0,40,1107.0,13.91,4.8,4110,102,1,2021-12-27,SUP040
PROD0199,H&M Footwear 281,Fashion,Footwear,H&M,2028.0,1014.0,50,550.0,1.84,4.8,1315,134,1,2020-01-13,SUP015
PROD0200,H&M Footwear 735,Fashion,Footwear,H&M,1603.0,1122.0,30,627.0,3.33,3.8,3968,209,1,2021-10-17,SUP011
PROD0201,Decathlon Cycling 198,Sports & Fitness,Cycling,Decathlon,8286.0,7043.0,15,4231.0,2.34,3.7,1191,30,1,2018-12-11,SUP029
PROD0202,Cosco Gym Equipment 359,Sports & Fitness,Gym Equipment,Cosco,12958.0,6479.0,50,4258.0,12.19,4.2,3932,138,1,2022-09-02,SUP048
PROD0203,Puma Men Clothing 988,Fashion,Men Clothing,Puma,7805.0,4683.0,40,3233.0,4.42,4.9,1867,183,1,2018-05-01,SUP048
PROD0204,Classmate Printers 460,Office Supplies,Printers,Classmate,2625.0,2231.0,15,1272.0,6.79,4.1,604,88,1,2020-09-28,SUP038
PROD0205,Funskool Outdoor 761,Toys & Games,Outdoor,Funskool,5796.0,4637.0,20,2536.0,5.83,4.8,722,250,1,2020-10-04,SUP025
PROD0206,HP Stationery 670,Office Supplies,Stationery,HP,8651.0,5191.0,40,3481.0,6.94,3.3,557,183,1,2020-10-01,SUP036
PROD0207,HarperCollins Fiction 589,Books,Fiction,HarperCollins,1962.0,981.0,50,408.0,7.69,3.7,151,467,1,2019-04-10,SUP001
PROD0208,Yonex Football 257,Sports & Fitness,Football,Yonex,21417.0,20346.0,5,10248.0,7.37,3.2,858,184,1,2019-09-25,SUP017
PROD0209,Nivia Cycling 915,Sports & Fitness,Cycling,Nivia,10723.0,10187.0,5,6103.0,12.71,3.3,541,131,0,2021-09-19,SUP005
PROD0210,Godrej Cleaning 782,Home & Kitchen,Cleaning,Godrej,27852.0,13926.0,50,6785.0,7.15,3.7,1754,74,1,2022-05-14,SUP015
PROD0211,Asian Paints Storage 273,Home & Kitchen,Storage,Asian Paints,8755.0,8317.0,5,5199.0,11.08,2.5,3508,151,1,2022-09-03,SUP043
PROD0212,Nike Footwear 259,Fashion,Footwear,Nike,3163.0,2689.0,15,1299.0,4.42,4.1,1481,55,1,2021-11-06,SUP024
PROD0213,Canon Printers 280,Office Supplies,Printers,Canon,6596.0,3958.0,40,2511.0,0.96,4.9,3972,269,0,2018-05-02,SUP007
PROD0214,Lakme Skincare 760,Beauty & Health,Skincare,Lakme,2189.0,1970.0,10,852.0,8.45,2.6,684,148,1,2021-10-21,SUP022
PROD0215,Oxford Fiction 744,Books,Fiction,Oxford,1521.0,913.0,40,416.0,5.32,3.6,4102,199,1,2018-09-18,SUP019
PROD0216,Adidas Jewellery 801,Fashion,Jewellery,Adidas,13538.0,11507.0,15,6101.0,9.16,4.9,910,432,1,2018-07-02,SUP008
PROD0217,Fisher-Price Electronic Toys 542,Toys & Games,Electronic Toys,Fisher-Price,4042.0,4042.0,0,2622.0,2.81,2.5,4791,320,0,2021-01-10,SUP021
PROD0218,Godrej Decor 664,Home & Kitchen,Decor,Godrej,46296.0,43981.0,5,19425.0,5.6,4.3,789,381,1,2022-06-06,SUP034
PROD0219,Faber-Castell Storage 108,Office Supplies,Storage,Faber-Castell,2781.0,2364.0,15,1289.0,13.92,3.2,3978,232,1,2022-11-19,SUP026
PROD0220,Decathlon Yoga 731,Sports & Fitness,Yoga,Decathlon,25255.0,20204.0,20,11667.0,8.89,3.5,1439,247,1,2019-04-07,SUP014
PROD0221,Asian Paints Furniture 257,Home & Kitchen,Furniture,Asian Paints,35078.0,33324.0,5,16466.0,13.32,4.4,4207,312,1,2021-08-11,SUP038
PROD0222,Godrej Furniture 808,Office Supplies,Furniture,Godrej,5516.0,4137.0,25,1870.0,3.92,3.6,1956,262,1,2021-04-02,SUP024
PROD0223,Decathlon Yoga 475,Sports & Fitness,Yoga,Decathlon,12828.0,12828.0,0,6148.0,6.94,4.4,350,312,1,2020-11-19,SUP025
PROD0224,Philips Decor 527,Home & Kitchen,Decor,Philips,333.0,283.0,15,130.0,5.99,4.6,573,111,1,2019-06-23,SUP032
PROD0225,Realme Cameras 457,Electronics,Cameras,Realme,93283.0,79291.0,15,50196.0,11.21,4.8,2407,464,1,2021-03-30,SUP016
PROD0226,Hawkins Decor 236,Home & Kitchen,Decor,Hawkins,25038.0,20030.0,20,10892.0,10.6,3.5,1376,483,1,2022-11-06,SUP049
PROD0227,Nilkamal Furniture 434,Home & Kitchen,Furniture,Nilkamal,43281.0,25969.0,40,11730.0,12.18,4.6,4406,166,1,2019-01-20,SUP022
PROD0228,Oxford Business 239,Books,Business,Oxford,224.0,202.0,10,120.0,7.68,4.9,1594,475,1,2018-06-18,SUP031
PROD0229,Puma Men Clothing 542,Fashion,Men Clothing,Puma,14652.0,8791.0,40,5426.0,13.8,4.8,4389,498,1,2022-01-28,SUP045
PROD0230,Classmate Furniture 550,Office Supplies,Furniture,Classmate,9138.0,8224.0,10,3658.0,1.63,3.9,2353,10,0,2019-09-05,SUP020
PROD0231,Britannia Beverages 845,Grocery,Beverages,Britannia,925.0,740.0,20,358.0,13.68,4.1,4470,255,1,2019-08-29,SUP028
PROD0232,Scholastic Children 230,Books,Children,Scholastic,308.0,246.0,20,171.0,2.69,2.8,3992,81,1,2022-01-11,SUP049
PROD0233,Boat Cameras 941,Electronics,Cameras,Boat,91946.0,45973.0,50,22867.0,14.58,4.0,3715,390,1,2021-01-09,SUP011
PROD0234,Amul Snacks 375,Grocery,Snacks,Amul,791.0,396.0,50,162.0,8.34,3.8,4146,19,1,2018-10-02,SUP002
PROD0235,Mattel Electronic Toys 709,Toys & Games,Electronic Toys,Mattel,3963.0,3369.0,15,1999.0,11.49,3.6,1575,11,0,2019-07-22,SUP029
PROD0236,Amul Spices 492,Grocery,Spices,Amul,455.0,387.0,15,217.0,6.75,3.9,409,495,1,2018-03-19,SUP022
PROD0237,Xiaomi Cameras 487,Electronics,Cameras,Xiaomi,29947.0,25455.0,15,11852.0,5.4,2.9,583,442,0,2021-07-23,SUP041
PROD0238,Bata Women Clothing 362,Fashion,Women Clothing,Bata,1462.0,1096.0,25,754.0,13.75,4.6,2030,457,1,2020-04-30,SUP003
PROD0239,Fabindia Men Clothing 683,Fashion,Men Clothing,Fabindia,3790.0,2842.0,25,1302.0,1.15,3.2,4268,320,1,2022-05-01,SUP023
PROD0240,Patanjali Supplements 609,Beauty & Health,Supplements,Patanjali,2897.0,1738.0,40,1183.0,0.28,3.3,3829,207,1,2018-02-14,SUP023
PROD0241,Philips Lighting 460,Home & Kitchen,Lighting,Philips,47401.0,35551.0,25,16208.0,7.87,3.9,1447,402,1,2021-07-08,SUP030
PROD0242,Britannia Dairy 434,Grocery,Dairy,Britannia,440.0,374.0,15,213.0,1.53,4.7,2275,285,1,2020-05-21,SUP040
PROD0243,Nivia Swimming 628,Sports & Fitness,Swimming,Nivia,16647.0,9988.0,40,6315.0,9.02,4.7,4845,486,1,2022-01-01,SUP027
PROD0244,Nestle Spices 504,Grocery,Spices,Nestle,1865.0,1119.0,40,662.0,13.23,2.6,1972,298,1,2022-06-17,SUP005
PROD0245,Cosco Gym Equipment 286,Sports & Fitness,Gym Equipment,Cosco,23304.0,23304.0,0,16049.0,9.66,4.6,1078,395,1,2020-04-10,SUP041
PROD0246,LOreal Skincare 729,Beauty & Health,Skincare,LOreal,3135.0,2665.0,15,1120.0,9.54,4.7,524,182,0,2019-12-03,SUP029
PROD0247,Scholastic Children 455,Books,Children,Scholastic,669.0,468.0,30,210.0,4.81,4.9,4612,38,1,2019-02-01,SUP002
PROD0248,Britannia Dairy 138,Grocery,Dairy,Britannia,1508.0,1282.0,15,574.0,4.81,3.1,878,467,1,2022-12-31,SUP047
PROD0249,Penguin Business 194,Books,Business,Penguin,427.0,342.0,20,203.0,2.21,2.9,3452,382,1,2020-02-04,SUP005
PROD0250,Haldirams Beverages 806,Grocery,Beverages,Haldirams,622.0,311.0,50,209.0,0.17,4.1,700,29,1,2021-01-17,SUP028
PROD0251,Samsung Headphones 420,Electronics,Headphones,Samsung,44945.0,33709.0,25,21959.0,3.74,4.3,116,1,1,2019-04-27,SUP030
PROD0252,Xiaomi Headphones 170,Electronics,Headphones,Xiaomi,121442.0,109298.0,10,66685.0,9.44,4.5,112,287,1,2020-03-08,SUP041
PROD0253,Funskool Electronic Toys 696,Toys & Games,Electronic Toys,Funskool,608.0,304.0,50,139.0,4.36,4.0,3719,415,1,2020-07-15,SUP009
PROD0254,Decathlon Gym Equipment 324,Sports & Fitness,Gym Equipment,Decathlon,25407.0,12704.0,50,6619.0,4.86,4.1,3471,84,1,2021-11-25,SUP022
PROD0255,Samsung Cameras 805,Electronics,Cameras,Samsung,121591.0,72955.0,40,50642.0,11.08,4.0,601,415,1,2022-04-06,SUP002
PROD0256,Godrej Furniture 546,Home & Kitchen,Furniture,Godrej,6550.0,4912.0,25,2418.0,14.36,3.2,3285,8,1,2019-09-25,SUP050
PROD0257,Apple Headphones 320,Electronics,Headphones,Apple,33934.0,27147.0,20,16970.0,1.63,3.5,4426,210,1,2018-01-16,SUP009
PROD0258,Himalaya Makeup 945,Beauty & Health,Makeup,Himalaya,2151.0,1721.0,20,692.0,9.81,4.3,2659,62,1,2022-10-09,SUP037
PROD0259,Nike Sunglasses 109,Fashion,Sunglasses,Nike,3806.0,3045.0,20,1541.0,3.02,4.9,423,426,1,2018-03-08,SUP025
PROD0260,Oxford Business 507,Books,Business,Oxford,1306.0,914.0,30,373.0,2.51,4.4,4016,132,0,2020-10-09,SUP005
PROD0261,Aashirvaad Snacks 209,Grocery,Snacks,Aashirvaad,1823.0,912.0,50,462.0,14.91,3.4,1709,155,0,2021-03-14,SUP027
PROD0262,Hawkins Decor 968,Home & Kitchen,Decor,Hawkins,42652.0,29856.0,30,12649.0,4.58,5.0,3318,450,1,2018-03-13,SUP023
PROD0263,Biotique Skincare 529,Beauty & Health,Skincare,Biotique,2504.0,1252.0,50,639.0,1.29,3.2,3977,290,1,2022-01-19,SUP042
PROD0264,Apple TV & Monitors 954,Electronics,TV & Monitors,Apple,31180.0,18708.0,40,10824.0,5.79,2.9,1909,300,1,2022-01-28,SUP035
PROD0265,Lego Educational 782,Toys & Games,Educational,Lego,2808.0,2527.0,10,1432.0,2.29,4.6,3587,172,1,2019-05-02,SUP017
PROD0266,Sony TV & Monitors 195,Electronics,TV & Monitors,Sony,36865.0,27649.0,25,15478.0,1.42,5.0,3301,473,1,2018-08-27,SUP007
PROD0267,Asian Paints Cleaning 450,Home & Kitchen,Cleaning,Asian Paints,47619.0,23810.0,50,12090.0,11.96,2.6,4503,188,1,2018-08-16,SUP041
PROD0268,Meguiars Bike Accessories 510,Automotive,Bike Accessories,Meguiars,17106.0,10264.0,40,5380.0,6.69,3.6,4724,203,1,2019-08-16,SUP021
PROD0269,Nivia Gym Equipment 798,Sports & Fitness,Gym Equipment,Nivia,3584.0,2150.0,40,1291.0,6.38,4.5,2465,280,1,2022-04-01,SUP030
PROD0270,Oxford Non-Fiction 560,Books,Non-Fiction,Oxford,1103.0,662.0,40,391.0,12.6,4.7,4612,132,1,2018-05-01,SUP020
PROD0271,Lego Action Figures 224,Toys & Games,Action Figures,Lego,5250.0,5250.0,0,2543.0,5.1,3.1,3234,232,1,2020-12-01,SUP047
PROD0272,Mamaearth Haircare 166,Beauty & Health,Haircare,Mamaearth,2487.0,2114.0,15,1114.0,4.57,4.5,4351,252,1,2018-08-20,SUP036
PROD0273,Philips Furniture 226,Home & Kitchen,Furniture,Philips,21019.0,10510.0,50,5097.0,2.56,4.4,2541,338,1,2021-01-12,SUP006
PROD0274,LG Headphones 493,Electronics,Headphones,LG,115247.0,103722.0,10,48814.0,5.4,3.8,1592,58,1,2021-06-12,SUP044
PROD0275,Amul Beverages 694,Grocery,Beverages,Amul,1583.0,1266.0,20,635.0,9.9,3.8,4768,369,1,2019-09-27,SUP009
PROD0276,Puma Men Clothing 145,Fashion,Men Clothing,Puma,13077.0,9154.0,30,3831.0,3.19,2.6,2781,368,1,2019-04-12,SUP016
PROD0277,LOreal Makeup 321,Beauty & Health,Makeup,LOreal,206.0,206.0,0,107.0,7.93,2.9,2441,102,1,2020-07-11,SUP046
PROD0278,Toyzone Board Games 376,Toys & Games,Board Games,Toyzone,5217.0,5217.0,0,2609.0,4.99,4.7,1595,86,1,2021-02-24,SUP004
PROD0279,Nestle Organic 450,Grocery,Organic,Nestle,1316.0,1053.0,20,720.0,12.99,3.0,3637,36,1,2022-01-18,SUP006
PROD0280,Hasbro Electronic Toys 309,Toys & Games,Electronic Toys,Hasbro,1633.0,1306.0,20,551.0,7.69,3.3,227,140,1,2021-08-20,SUP030
PROD0281,Dabur Dairy 497,Grocery,Dairy,Dabur,1402.0,1122.0,20,669.0,10.05,4.9,484,471,1,2018-12-16,SUP049
PROD0282,Rupa Business 890,Books,Business,Rupa,1700.0,1615.0,5,789.0,4.63,3.3,2153,482,1,2022-03-22,SUP049
PROD0283,Nestle Staples 374,Grocery,Staples,Nestle,638.0,319.0,50,165.0,6.59,3.7,201,91,1,2018-08-23,SUP049
PROD0284,Patanjali Medical Devices 493,Beauty & Health,Medical Devices,Patanjali,1571.0,786.0,50,484.0,3.48,3.5,4508,249,1,2020-04-01,SUP021
PROD0285,Godrej Bedding 550,Home & Kitchen,Bedding,Godrej,36501.0,34676.0,5,21712.0,12.19,3.8,4805,264,1,2019-10-17,SUP014
PROD0286,Cosco Yoga 455,Sports & Fitness,Yoga,Cosco,8012.0,4006.0,50,2502.0,9.53,3.4,1229,153,1,2019-09-18,SUP044
PROD0287,MRF Tyres 501,Automotive,Tyres,MRF,4307.0,3446.0,20,1958.0,11.13,3.0,729,93,1,2022-10-07,SUP027
PROD0288,Mattel Action Figures 868,Toys & Games,Action Figures,Mattel,4488.0,4264.0,5,2610.0,4.43,4.1,502,93,0,2019-12-26,SUP035
PROD0289,Penguin Children 567,Books,Children,Penguin,1370.0,959.0,30,482.0,0.81,4.3,1085,236,1,2018-10-01,SUP021
PROD0290,Lego Educational 623,Toys & Games,Educational,Lego,3631.0,2179.0,40,1294.0,11.17,4.9,2983,137,1,2022-06-29,SUP030
PROD0291,Classmate Printers 286,Office Supplies,Printers,Classmate,2753.0,1376.0,50,756.0,9.81,4.7,4584,374,1,2020-02-28,SUP048
PROD0292,Nilkamal Cleaning 805,Home & Kitchen,Cleaning,Nilkamal,14168.0,11334.0,20,4832.0,1.18,4.0,1324,323,1,2020-10-27,SUP009
PROD0293,Boat TV & Monitors 128,Electronics,TV & Monitors,Boat,87361.0,87361.0,0,56170.0,6.75,4.5,4870,312,1,2019-04-18,SUP010
PROD0294,Nivia Cricket 556,Sports & Fitness,Cricket,Nivia,13721.0,12349.0,10,8123.0,3.44,3.3,2827,74,1,2022-06-01,SUP014
PROD0295,Lego Board Games 182,Toys & Games,Board Games,Lego,350.0,262.0,25,163.0,2.83,4.8,3329,17,1,2020-02-12,SUP014
PROD0296,Toyzone Board Games 952,Toys & Games,Board Games,Toyzone,4477.0,2686.0,40,1184.0,8.95,2.5,2818,389,1,2020-01-09,SUP025
PROD0297,3M Tools 776,Automotive,Tools,3M,16414.0,15593.0,5,8192.0,6.41,4.3,4218,193,1,2019-12-17,SUP034
PROD0298,Nilkamal Bedding 763,Home & Kitchen,Bedding,Nilkamal,12996.0,7798.0,40,4441.0,9.41,5.0,1082,391,1,2018-09-28,SUP030
PROD0299,SG Cycling 766,Sports & Fitness,Cycling,SG,5450.0,3270.0,40,1614.0,4.98,4.7,1438,377,1,2020-05-09,SUP031
PROD0300,LOreal Supplements 578,Beauty & Health,Supplements,LOreal,4034.0,2420.0,40,1591.0,11.96,3.2,301,41,0,2020-12-24,SUP033
PROD0301,Nivia Gym Equipment 238,Sports & Fitness,Gym Equipment,Nivia,5019.0,2510.0,50,1403.0,7.57,3.6,2613,167,1,2018-10-23,SUP027
PROD0302,Patanjali Medical Devices 586,Beauty & Health,Medical Devices,Patanjali,3676.0,2206.0,40,1107.0,14.6,4.7,8,219,1,2022-10-30,SUP041
PROD0303,Realme Tablets 844,Electronics,Tablets,Realme,34834.0,26126.0,25,11365.0,7.81,4.2,3282,264,1,2018-12-16,SUP022
PROD0304,Mamaearth Medical Devices 691,Beauty & Health,Medical Devices,Mamaearth,2984.0,2984.0,0,1663.0,1.58,3.1,968,481,1,2022-11-27,SUP039
PROD0305,Godrej Lighting 930,Home & Kitchen,Lighting,Godrej,20913.0,17776.0,15,11932.0,8.96,4.3,520,264,1,2022-07-06,SUP044
PROD0306,Patanjali Makeup 737,Beauty & Health,Makeup,Patanjali,4399.0,4399.0,0,2352.0,6.69,3.8,3034,211,1,2019-09-27,SUP032
PROD0307,LOreal Supplements 784,Beauty & Health,Supplements,LOreal,4928.0,3942.0,20,2090.0,13.87,4.3,1244,480,1,2022-07-17,SUP034
PROD0308,Faber-Castell Furniture 223,Office Supplies,Furniture,Faber-Castell,8147.0,6518.0,20,4061.0,6.05,4.3,1061,282,1,2019-07-19,SUP015
PROD0309,Xiaomi TV & Monitors 549,Electronics,TV & Monitors,Xiaomi,77475.0,46485.0,40,22684.0,13.94,3.5,4186,326,1,2019-04-28,SUP019
PROD0310,Yonex Cricket 330,Sports & Fitness,Cricket,Yonex,3022.0,2266.0,25,1276.0,2.92,3.2,2808,447,1,2019-03-19,SUP039
PROD0311,HarperCollins Business 380,Books,Business,HarperCollins,853.0,640.0,25,333.0,3.02,2.9,3507,184,1,2019-01-07,SUP046
PROD0312,Decathlon Yoga 376,Sports & Fitness,Yoga,Decathlon,26874.0,21499.0,20,14240.0,9.95,4.2,3099,60,0,2019-07-26,SUP015
PROD0313,Nike Sunglasses 247,Fashion,Sunglasses,Nike,3566.0,3566.0,0,1907.0,0.43,4.9,2361,485,1,2018-03-31,SUP047
PROD0314,Prestige Cleaning 374,Home & Kitchen,Cleaning,Prestige,31401.0,18841.0,40,13032.0,2.83,4.7,594,250,1,2020-02-19,SUP024
PROD0315,Cosco Swimming 789,Sports & Fitness,Swimming,Cosco,6141.0,4299.0,30,2629.0,9.51,2.7,2009,496,1,2022-08-22,SUP016
PROD0316,Mattel Educational 948,Toys & Games,Educational,Mattel,1327.0,1128.0,15,647.0,4.08,2.8,1939,148,0,2018-07-06,SUP038
PROD0317,Classmate Printers 388,Office Supplies,Printers,Classmate,8442.0,6754.0,20,2936.0,14.14,4.2,2660,29,1,2021-03-16,SUP046
PROD0318,Godrej Cookware 146,Home & Kitchen,Cookware,Godrej,26406.0,22445.0,15,15523.0,4.87,2.9,1493,112,1,2020-02-09,SUP018
PROD0319,LOreal Makeup 981,Beauty & Health,Makeup,LOreal,3903.0,2342.0,40,1478.0,12.31,3.6,4520,198,1,2022-03-10,SUP036
PROD0320,Peter England Jewellery 988,Fashion,Jewellery,Peter England,11406.0,10265.0,10,5020.0,0.25,3.7,2567,219,1,2022-08-16,SUP031
PROD0321,Prestige Cleaning 829,Home & Kitchen,Cleaning,Prestige,17157.0,17157.0,0,11104.0,12.16,3.3,635,103,1,2022-07-18,SUP049
PROD0322,LG TV & Monitors 681,Electronics,TV & Monitors,LG,54124.0,43299.0,20,26046.0,13.66,4.2,16,401,1,2019-02-26,SUP001
PROD0323,Amul Dairy 626,Grocery,Dairy,Amul,328.0,312.0,5,195.0,7.54,4.9,1528,266,1,2019-05-28,SUP014
PROD0324,Britannia Spices 153,Grocery,Spices,Britannia,1126.0,1070.0,5,513.0,0.69,3.4,4758,98,1,2019-09-06,SUP047
PROD0325,3M Tools 154,Automotive,Tools,3M,15776.0,9466.0,40,6501.0,2.87,3.3,3046,487,1,2019-11-30,SUP009
PROD0326,Meguiars Car Accessories 640,Automotive,Car Accessories,Meguiars,13004.0,6502.0,50,3876.0,0.19,2.9,3164,48,1,2021-12-23,SUP006
PROD0327,Funskool Electronic Toys 341,Toys & Games,Electronic Toys,Funskool,2473.0,1731.0,30,796.0,12.41,4.7,1606,382,1,2019-03-07,SUP022
PROD0328,Faber-Castell Storage 566,Office Supplies,Storage,Faber-Castell,1783.0,1605.0,10,722.0,9.2,4.3,4367,77,0,2021-04-01,SUP043
PROD0329,Nestle Beverages 225,Grocery,Beverages,Nestle,1760.0,1760.0,0,819.0,5.81,4.3,2757,347,1,2021-08-31,SUP020
PROD0330,Boat Mobile Phones 433,Electronics,Mobile Phones,Boat,11651.0,8156.0,30,4027.0,8.95,4.5,4219,145,1,2020-03-13,SUP045
PROD0331,Toyzone Electronic Toys 369,Toys & Games,Electronic Toys,Toyzone,6689.0,4682.0,30,3193.0,4.1,3.0,959,86,1,2021-03-09,SUP026
PROD0332,HarperCollins Academic 893,Books,Academic,HarperCollins,920.0,460.0,50,264.0,13.23,2.7,3645,493,1,2021-02-05,SUP046
PROD0333,Nilkamal Storage 504,Home & Kitchen,Storage,Nilkamal,642.0,578.0,10,367.0,8.22,2.9,2518,489,1,2022-06-17,SUP014
PROD0334,Hawkins Cookware 546,Home & Kitchen,Cookware,Hawkins,36223.0,27167.0,25,14515.0,3.19,4.9,3159,141,1,2020-10-26,SUP024
PROD0335,Amul Dairy 775,Grocery,Dairy,Amul,1868.0,1121.0,40,588.0,11.65,4.0,4883,127,1,2021-08-04,SUP038
PROD0336,HP Stationery 534,Office Supplies,Stationery,HP,8317.0,7901.0,5,3268.0,1.16,4.8,2443,270,1,2020-10-31,SUP041
PROD0337,Peter England Sunglasses 884,Fashion,Sunglasses,Peter England,7199.0,7199.0,0,4932.0,11.74,3.3,3701,224,1,2019-10-16,SUP026
PROD0338,Yonex Yoga 209,Sports & Fitness,Yoga,Yonex,18863.0,17920.0,5,11060.0,11.73,3.5,1301,166,1,2018-03-30,SUP039
PROD0339,Britannia Beverages 945,Grocery,Beverages,Britannia,1433.0,1218.0,15,526.0,3.76,4.5,4092,318,1,2020-06-22,SUP050
PROD0340,Himalaya Supplements 157,Beauty & Health,Supplements,Himalaya,1203.0,1143.0,5,474.0,3.6,3.5,4377,406,1,2022-11-18,SUP018
PROD0341,Bata Men Clothing 255,Fashion,Men Clothing,Bata,7701.0,6161.0,20,2515.0,5.52,3.1,4010,121,1,2018-03-01,SUP026
PROD0342,Reebok Football 294,Sports & Fitness,Football,Reebok,24720.0,12360.0,50,6373.0,0.79,3.7,2368,70,1,2018-07-07,SUP007
PROD0343,Himalaya Makeup 827,Beauty & Health,Makeup,Himalaya,1910.0,1624.0,15,1127.0,4.57,4.6,337,217,1,2019-09-12,SUP014
PROD0344,Zara Bags & Wallets 144,Fashion,Bags & Wallets,Zara,13680.0,11628.0,15,7650.0,0.42,5.0,3473,413,1,2018-12-26,SUP007
PROD0345,Boat Laptops 618,Electronics,Laptops,Boat,6749.0,5062.0,25,3162.0,11.29,3.8,131,45,1,2021-06-05,SUP012
PROD0346,Hawkins Decor 125,Home & Kitchen,Decor,Hawkins,33480.0,20088.0,40,11908.0,11.37,4.0,1415,5,1,2018-11-18,SUP047
PROD0347,Fabindia Women Clothing 972,Fashion,Women Clothing,Fabindia,1935.0,1451.0,25,676.0,11.37,3.0,1196,488,1,2018-01-12,SUP001
PROD0348,Sony Mobile Phones 759,Electronics,Mobile Phones,Sony,41282.0,28897.0,30,15668.0,1.13,3.1,1849,476,1,2022-09-05,SUP017
PROD0349,Funskool Electronic Toys 766,Toys & Games,Electronic Toys,Funskool,319.0,160.0,50,90.0,13.57,4.4,937,455,1,2019-11-17,SUP011
PROD0350,SG Gym Equipment 978,Sports & Fitness,Gym Equipment,SG,23738.0,11869.0,50,6576.0,9.42,3.7,2802,271,1,2018-09-08,SUP039
PROD0351,Nivia Swimming 864,Sports & Fitness,Swimming,Nivia,17058.0,8529.0,50,4955.0,2.83,4.8,677,258,1,2021-03-21,SUP012
PROD0352,Himalaya Skincare 695,Beauty & Health,Skincare,Himalaya,2867.0,1720.0,40,705.0,3.87,2.9,4747,487,1,2018-10-25,SUP045
PROD0353,Realme Headphones 756,Electronics,Headphones,Realme,85388.0,42694.0,50,23159.0,13.35,3.3,4376,184,1,2019-01-17,SUP013
PROD0354,Peter England Women Clothing 703,Fashion,Women Clothing,Peter England,668.0,468.0,30,271.0,9.36,3.9,2143,244,1,2019-11-03,SUP047
PROD0355,Bata Jewellery 630,Fashion,Jewellery,Bata,8593.0,8163.0,5,5660.0,10.3,2.9,3826,296,1,2018-09-26,SUP019
PROD0356,HP Furniture 528,Office Supplies,Furniture,HP,5623.0,4498.0,20,2868.0,9.51,4.5,23,324,1,2019-03-02,SUP047
PROD0357,Philips Decor 997,Home & Kitchen,Decor,Philips,19001.0,14251.0,25,8669.0,2.53,4.3,3957,48,1,2020-02-26,SUP013
PROD0358,Nilkamal Furniture 194,Office Supplies,Furniture,Nilkamal,4529.0,4076.0,10,2755.0,10.0,2.6,3699,459,1,2022-07-02,SUP041
PROD0359,Classmate Whiteboards 321,Office Supplies,Whiteboards,Classmate,9056.0,4528.0,50,1861.0,14.77,3.9,2965,248,1,2018-05-11,SUP025
PROD0360,Xiaomi TV & Monitors 370,Electronics,TV & Monitors,Xiaomi,4156.0,2078.0,50,947.0,9.51,3.6,4243,55,1,2020-05-01,SUP048
PROD0361,Nilkamal Decor 694,Home & Kitchen,Decor,Nilkamal,48869.0,43982.0,10,26385.0,3.14,3.4,1531,483,1,2021-10-15,SUP006
PROD0362,Xiaomi Tablets 524,Electronics,Tablets,Xiaomi,78243.0,74331.0,5,34036.0,0.27,3.0,2932,367,1,2021-04-24,SUP002
PROD0363,Puma Footwear 214,Fashion,Footwear,Puma,4558.0,3874.0,15,2493.0,5.71,3.5,3500,491,1,2018-02-12,SUP027
PROD0364,S.Chand Non-Fiction 993,Books,Non-Fiction,S.Chand,272.0,218.0,20,128.0,3.46,2.6,542,279,1,2020-10-26,SUP038
PROD0365,Bosch Oils & Fluids 635,Automotive,Oils & Fluids,Bosch,6645.0,5980.0,10,3298.0,8.88,3.1,2238,184,1,2021-03-17,SUP039
PROD0366,Mamaearth Makeup 188,Beauty & Health,Makeup,Mamaearth,4622.0,4622.0,0,2497.0,12.47,2.9,1886,310,1,2021-07-16,SUP006
PROD0367,Classmate Storage 390,Office Supplies,Storage,Classmate,8460.0,6345.0,25,2624.0,2.3,4.0,1180,73,1,2018-09-20,SUP018
PROD0368,Lakme Makeup 525,Beauty & Health,Makeup,Lakme,4525.0,4299.0,5,2883.0,6.26,3.0,4882,214,1,2020-11-13,SUP020
PROD0369,Samsung Laptops 664,Electronics,Laptops,Samsung,131692.0,65846.0,50,29706.0,2.75,2.7,1667,31,1,2022-05-14,SUP022
PROD0370,Fabindia Jewellery 486,Fashion,Jewellery,Fabindia,5465.0,4099.0,25,2384.0,6.61,3.3,1909,429,1,2019-08-21,SUP033
PROD0371,Himalaya Skincare 530,Beauty & Health,Skincare,Himalaya,833.0,416.0,50,188.0,9.4,4.1,202,46,1,2020-02-26,SUP042
PROD0372,Penguin Business 618,Books,Business,Penguin,1476.0,738.0,50,515.0,0.32,3.0,973,181,1,2018-08-02,SUP017
PROD0373,Asian Paints Cookware 215,Home & Kitchen,Cookware,Asian Paints,39108.0,23465.0,40,10587.0,4.22,3.6,637,359,1,2020-09-22,SUP006
PROD0374,Lego Electronic Toys 204,Toys & Games,Electronic Toys,Lego,1017.0,763.0,25,411.0,4.94,4.5,233,172,1,2018-01-03,SUP021
PROD0375,SG Cricket 959,Sports & Fitness,Cricket,SG,6351.0,3176.0,50,1631.0,13.05,3.3,3711,266,0,2022-12-31,SUP029
PROD0376,LOreal Makeup 355,Beauty & Health,Makeup,LOreal,3794.0,1897.0,50,1102.0,2.42,3.5,3806,192,1,2018-10-10,SUP002
PROD0377,Lego Educational 128,Toys & Games,Educational,Lego,2135.0,1815.0,15,1066.0,12.37,2.9,1214,123,1,2019-08-01,SUP006
PROD0378,Classmate Printers 349,Office Supplies,Printers,Classmate,3374.0,1687.0,50,949.0,4.46,4.1,201,165,1,2020-03-08,SUP047
PROD0379,Haldirams Staples 182,Grocery,Staples,Haldirams,831.0,416.0,50,250.0,1.97,3.9,2220,266,1,2022-05-27,SUP005
PROD0380,Bosch Car Accessories 164,Automotive,Car Accessories,Bosch,6571.0,6571.0,0,3163.0,14.03,4.2,4854,356,0,2019-05-24,SUP023
PROD0381,Canon Printers 322,Office Supplies,Printers,Canon,5519.0,4139.0,25,2593.0,12.19,3.5,3954,396,0,2020-10-09,SUP033
PROD0382,Lakme Makeup 736,Beauty & Health,Makeup,Lakme,1362.0,1022.0,25,693.0,13.8,4.8,2707,21,1,2020-02-15,SUP042
PROD0383,Puma Sunglasses 496,Fashion,Sunglasses,Puma,14444.0,13722.0,5,7600.0,1.57,2.9,1544,439,1,2022-11-08,SUP007
PROD0384,Toyzone Action Figures 307,Toys & Games,Action Figures,Toyzone,6831.0,6831.0,0,3515.0,2.44,3.3,3160,155,1,2021-12-23,SUP006
PROD0385,Lego Board Games 808,Toys & Games,Board Games,Lego,4289.0,3860.0,10,1849.0,0.95,3.6,4755,241,1,2020-04-07,SUP043
PROD0386,Peter England Footwear 467,Fashion,Footwear,Peter England,5193.0,4414.0,15,2882.0,13.41,3.8,4473,276,1,2020-05-30,SUP032
PROD0387,Aashirvaad Snacks 355,Grocery,Snacks,Aashirvaad,1983.0,1686.0,15,828.0,14.56,3.5,3389,355,0,2018-11-25,SUP041
PROD0388,Fisher-Price Outdoor 732,Toys & Games,Outdoor,Fisher-Price,713.0,677.0,5,469.0,1.46,3.0,2416,368,1,2018-04-18,SUP048
PROD0389,SG Cycling 899,Sports & Fitness,Cycling,SG,22406.0,15684.0,30,8717.0,10.74,4.4,1725,387,1,2019-01-29,SUP005
PROD0390,Xiaomi Laptops 469,Electronics,Laptops,Xiaomi,5249.0,4199.0,20,2690.0,10.96,4.3,4799,328,1,2020-05-15,SUP005
PROD0391,Godrej Furniture 698,Home & Kitchen,Furniture,Godrej,32774.0,24580.0,25,14027.0,2.89,3.3,2454,93,1,2021-05-06,SUP040
PROD0392,Cosco Football 842,Sports & Fitness,Football,Cosco,13314.0,7988.0,40,5349.0,1.2,4.8,3533,128,0,2022-08-14,SUP038
PROD0393,Dabur Beverages 196,Grocery,Beverages,Dabur,708.0,531.0,25,293.0,8.06,3.6,54,37,1,2022-10-31,SUP045
PROD0394,Classmate Whiteboards 975,Office Supplies,Whiteboards,Classmate,5459.0,4367.0,20,2525.0,5.25,2.8,431,368,1,2021-08-08,SUP025
PROD0395,Nike Women Clothing 118,Fashion,Women Clothing,Nike,13448.0,10758.0,20,4882.0,10.51,4.6,3676,190,1,2022-10-17,SUP003
PROD0396,Philips Bedding 743,Home & Kitchen,Bedding,Philips,34068.0,30661.0,10,17545.0,13.17,3.7,481,134,1,2022-12-12,SUP009
PROD0397,Bosch Bike Accessories 416,Automotive,Bike Accessories,Bosch,2903.0,2032.0,30,1136.0,0.66,3.4,2609,447,1,2021-07-21,SUP019
PROD0398,Lego Educational 918,Toys & Games,Educational,Lego,2250.0,1912.0,15,917.0,9.53,4.9,4755,146,1,2020-01-03,SUP038
PROD0399,Samsung Laptops 367,Electronics,Laptops,Samsung,61687.0,30844.0,50,15149.0,7.58,4.8,3838,36,1,2022-09-15,SUP019
PROD0400,Penguin Fiction 976,Books,Fiction,Penguin,1457.0,1311.0,10,579.0,3.33,4.6,793,137,1,2021-09-14,SUP049
PROD0401,Hawkins Bedding 501,Home & Kitchen,Bedding,Hawkins,48678.0,38942.0,20,15658.0,14.94,4.8,4674,399,1,2018-06-21,SUP042
PROD0402,Faber-Castell Storage 608,Office Supplies,Storage,Faber-Castell,6920.0,4152.0,40,2371.0,14.03,3.1,2068,198,1,2022-08-10,SUP024
PROD0403,Classmate Whiteboards 741,Office Supplies,Whiteboards,Classmate,4294.0,4079.0,5,2526.0,6.24,5.0,2633,109,0,2018-04-10,SUP041
PROD0404,CEAT Tyres 540,Automotive,Tyres,CEAT,5643.0,3950.0,30,2512.0,2.41,4.2,496,345,1,2019-12-24,SUP042
PROD0405,Zara Women Clothing 863,Fashion,Women Clothing,Zara,4435.0,3548.0,20,1735.0,6.5,3.3,3790,395,0,2020-10-22,SUP029
PROD0406,LG Mobile Phones 601,Electronics,Mobile Phones,LG,117266.0,93813.0,20,43315.0,9.0,3.6,1268,244,1,2019-01-05,SUP003
PROD0407,HarperCollins Self-Help 767,Books,Self-Help,HarperCollins,1444.0,1300.0,10,904.0,6.06,2.9,4331,28,1,2019-01-14,SUP003
PROD0408,Decathlon Cycling 562,Sports & Fitness,Cycling,Decathlon,9362.0,9362.0,0,4816.0,13.27,4.4,3180,266,1,2018-02-06,SUP006
PROD0409,Nilkamal Whiteboards 570,Office Supplies,Whiteboards,Nilkamal,8552.0,6414.0,25,4132.0,10.48,4.0,1887,44,1,2019-10-25,SUP039
PROD0410,Hasbro Electronic Toys 789,Toys & Games,Electronic Toys,Hasbro,1368.0,1094.0,20,571.0,4.21,4.2,59,178,1,2022-04-04,SUP039
PROD0411,Dabur Snacks 490,Grocery,Snacks,Dabur,494.0,420.0,15,279.0,12.97,3.2,2057,165,1,2021-11-18,SUP013
PROD0412,Hawkins Cleaning 794,Home & Kitchen,Cleaning,Hawkins,19400.0,17460.0,10,7783.0,8.54,3.9,4495,44,1,2021-06-11,SUP002
PROD0413,Reebok Swimming 428,Sports & Fitness,Swimming,Reebok,10166.0,7116.0,30,3068.0,5.0,3.8,202,168,1,2022-06-01,SUP036
PROD0414,Rupa Children 924,Books,Children,Rupa,896.0,762.0,15,528.0,6.65,3.5,3152,471,0,2018-08-25,SUP043
PROD0415,Godrej Printers 734,Office Supplies,Printers,Godrej,7624.0,6480.0,15,3052.0,13.15,4.3,2987,54,1,2020-04-05,SUP020
PROD0416,Adidas Bags & Wallets 190,Fashion,Bags & Wallets,Adidas,3916.0,2350.0,40,1003.0,8.96,3.0,1628,64,1,2020-02-21,SUP039
PROD0417,Castrol Oils & Fluids 376,Automotive,Oils & Fluids,Castrol,6569.0,3284.0,50,1869.0,0.96,4.5,2120,335,1,2019-06-24,SUP015
PROD0418,S.Chand Business 683,Books,Business,S.Chand,1573.0,1337.0,15,673.0,14.1,2.8,640,442,0,2019-03-14,SUP037
PROD0419,Castrol Tyres 586,Automotive,Tyres,Castrol,3598.0,3598.0,0,1628.0,9.94,2.9,3592,30,1,2020-04-01,SUP027
PROD0420,Reebok Yoga 224,Sports & Fitness,Yoga,Reebok,22289.0,13373.0,40,6710.0,11.69,3.6,953,494,1,2021-07-03,SUP038
PROD0421,Zara Men Clothing 816,Fashion,Men Clothing,Zara,2782.0,2226.0,20,1089.0,2.5,4.6,1089,207,0,2022-09-18,SUP026
PROD0422,Puma Women Clothing 517,Fashion,Women Clothing,Puma,12750.0,11475.0,10,5474.0,11.65,3.4,4901,48,0,2021-10-29,SUP007
PROD0423,Xiaomi Smart Watches 819,Electronics,Smart Watches,Xiaomi,20209.0,15157.0,25,7282.0,11.39,3.7,2127,281,1,2021-09-05,SUP047
PROD0424,Funskool Action Figures 309,Toys & Games,Action Figures,Funskool,5515.0,5239.0,5,2547.0,0.12,4.7,2508,314,1,2022-09-23,SUP014
PROD0425,Reebok Football 881,Sports & Fitness,Football,Reebok,18434.0,9217.0,50,5982.0,2.34,4.8,794,391,1,2018-02-09,SUP049
PROD0426,Prestige Decor 597,Home & Kitchen,Decor,Prestige,42554.0,38299.0,10,15977.0,0.6,3.8,4555,311,0,2022-02-22,SUP027
PROD0427,Nivia Cycling 421,Sports & Fitness,Cycling,Nivia,3502.0,2101.0,40,1299.0,3.05,4.5,3337,95,1,2019-04-28,SUP018
PROD0428,Aashirvaad Staples 255,Grocery,Staples,Aashirvaad,1939.0,1745.0,10,1145.0,5.22,2.6,3101,210,1,2018-09-17,SUP048
PROD0429,Classmate Storage 885,Office Supplies,Storage,Classmate,810.0,608.0,25,382.0,1.98,2.9,3425,350,1,2018-07-19,SUP022
PROD0430,Nivia Cycling 675,Sports & Fitness,Cycling,Nivia,23268.0,17451.0,25,9233.0,13.09,3.4,218,358,1,2018-03-12,SUP048
PROD0431,Fisher-Price Board Games 306,Toys & Games,Board Games,Fisher-Price,617.0,494.0,20,316.0,3.89,4.0,4162,51,1,2020-02-27,SUP027
PROD0432,Biotique Medical Devices 343,Beauty & Health,Medical Devices,Biotique,4161.0,2497.0,40,1269.0,7.91,4.1,1685,208,1,2019-10-24,SUP027
PROD0433,Boat Cameras 167,Electronics,Cameras,Boat,104672.0,73270.0,30,46010.0,7.89,4.7,580,200,1,2019-09-26,SUP015
PROD0434,Decathlon Cycling 547,Sports & Fitness,Cycling,Decathlon,2167.0,1842.0,15,1072.0,5.27,2.6,3871,358,1,2018-11-12,SUP020
PROD0435,Scholastic Children 744,Books,Children,Scholastic,1826.0,913.0,50,449.0,14.4,3.4,3376,290,1,2021-06-26,SUP037
PROD0436,OnePlus Mobile Phones 452,Electronics,Mobile Phones,OnePlus,68633.0,61770.0,10,31835.0,14.57,3.3,4459,373,1,2022-02-27,SUP029
PROD0437,Meguiars Tools 165,Automotive,Tools,Meguiars,16480.0,9888.0,40,4413.0,14.41,3.2,3429,341,0,2019-03-11,SUP035
PROD0438,Bosch Bike Accessories 783,Automotive,Bike Accessories,Bosch,911.0,865.0,5,367.0,6.16,4.8,2165,42,1,2018-04-07,SUP004
PROD0439,H&M Women Clothing 868,Fashion,Women Clothing,H&M,7939.0,5557.0,30,3524.0,9.58,4.3,1920,401,1,2019-08-22,SUP047
PROD0440,Castrol Car Accessories 987,Automotive,Car Accessories,Castrol,2951.0,2656.0,10,1097.0,7.33,3.8,1535,308,1,2021-02-02,SUP023
PROD0441,Amul Spices 551,Grocery,Spices,Amul,828.0,787.0,5,511.0,3.04,4.8,4020,310,0,2020-10-01,SUP020
PROD0442,Britannia Beverages 532,Grocery,Beverages,Britannia,686.0,686.0,0,442.0,13.03,4.7,4452,41,1,2018-03-09,SUP001
PROD0443,Cosco Yoga 453,Sports & Fitness,Yoga,Cosco,3175.0,2540.0,20,1016.0,6.79,3.4,2082,185,0,2018-07-05,SUP045
PROD0444,Amul Beverages 229,Grocery,Beverages,Amul,737.0,590.0,20,269.0,14.53,3.1,967,208,1,2020-09-15,SUP028
PROD0445,Asian Paints Cookware 821,Home & Kitchen,Cookware,Asian Paints,44515.0,33386.0,25,23159.0,8.51,4.5,2486,342,1,2021-11-13,SUP006
PROD0446,HarperCollins Children 925,Books,Children,HarperCollins,949.0,712.0,25,309.0,3.76,4.0,1146,124,1,2018-06-16,SUP025
PROD0447,Nike Bags & Wallets 463,Fashion,Bags & Wallets,Nike,5383.0,3230.0,40,1919.0,5.0,3.7,2448,118,1,2021-04-14,SUP004
PROD0448,Samsung Cameras 999,Electronics,Cameras,Samsung,144581.0,108436.0,25,73833.0,5.03,2.8,4315,178,1,2022-09-01,SUP042
PROD0449,Hawkins Lighting 924,Home & Kitchen,Lighting,Hawkins,15092.0,13583.0,10,8078.0,10.48,2.6,4249,439,1,2020-05-27,SUP047
PROD0450,Decathlon Cycling 693,Sports & Fitness,Cycling,Decathlon,9486.0,4743.0,50,2525.0,11.91,4.2,342,376,1,2019-05-03,SUP043
PROD0451,Patanjali Makeup 537,Beauty & Health,Makeup,Patanjali,526.0,263.0,50,109.0,3.01,4.8,1314,41,0,2020-04-15,SUP013
PROD0452,SG Cycling 120,Sports & Fitness,Cycling,SG,29682.0,28198.0,5,17493.0,7.54,4.4,1780,432,1,2018-05-29,SUP008
PROD0453,Biotique Medical Devices 393,Beauty & Health,Medical Devices,Biotique,771.0,771.0,0,421.0,9.78,4.6,443,368,1,2020-07-08,SUP015
PROD0454,Fisher-Price Electronic Toys 373,Toys & Games,Electronic Toys,Fisher-Price,1314.0,1117.0,15,454.0,13.04,3.7,1294,422,1,2021-07-22,SUP048
PROD0455,Meguiars Oils & Fluids 533,Automotive,Oils & Fluids,Meguiars,17730.0,10638.0,40,6655.0,7.79,3.7,3919,167,1,2018-04-02,SUP002
PROD0456,LOreal Haircare 626,Beauty & Health,Haircare,LOreal,4349.0,3262.0,25,1695.0,5.4,2.7,3280,270,1,2019-10-29,SUP036
PROD0457,Bata Jewellery 508,Fashion,Jewellery,Bata,5501.0,5501.0,0,2911.0,3.45,5.0,3795,425,1,2022-05-02,SUP048
PROD0458,Fabindia Men Clothing 647,Fashion,Men Clothing,Fabindia,7840.0,7840.0,0,3598.0,1.73,4.3,3971,11,0,2019-06-15,SUP004
PROD0459,Prestige Lighting 621,Home & Kitchen,Lighting,Prestige,41511.0,41511.0,0,18553.0,13.15,3.5,2589,458,1,2019-05-19,SUP013
PROD0460,Apple TV & Monitors 133,Electronics,TV & Monitors,Apple,14488.0,11590.0,20,6152.0,3.89,4.3,3956,6,1,2021-12-05,SUP023
PROD0461,Nilkamal Stationery 321,Office Supplies,Stationery,Nilkamal,573.0,401.0,30,171.0,10.04,3.3,186,214,1,2020-07-03,SUP010
PROD0462,Xiaomi Mobile Phones 466,Electronics,Mobile Phones,Xiaomi,132587.0,99440.0,25,41209.0,4.66,4.2,1326,115,1,2021-07-23,SUP044
PROD0463,Decathlon Gym Equipment 364,Sports & Fitness,Gym Equipment,Decathlon,3359.0,2687.0,20,1681.0,6.02,4.5,3942,139,1,2021-04-22,SUP036
PROD0464,Mamaearth Medical Devices 417,Beauty & Health,Medical Devices,Mamaearth,3812.0,3621.0,5,2151.0,6.27,2.9,3368,262,1,2022-02-06,SUP016
PROD0465,Amul Spices 178,Grocery,Spices,Amul,573.0,573.0,0,355.0,5.41,3.5,1189,212,1,2021-08-24,SUP011
PROD0466,Prestige Storage 744,Home & Kitchen,Storage,Prestige,39168.0,33293.0,15,18679.0,9.39,3.9,2954,342,1,2018-05-26,SUP025
PROD0467,LOreal Skincare 884,Beauty & Health,Skincare,LOreal,2891.0,2891.0,0,1838.0,3.16,4.5,81,161,1,2019-07-14,SUP047
PROD0468,Fabindia Sunglasses 784,Fashion,Sunglasses,Fabindia,747.0,710.0,5,389.0,5.08,3.8,1662,337,1,2020-05-05,SUP045
PROD0469,Amul Dairy 534,Grocery,Dairy,Amul,52.0,39.0,25,25.0,0.66,4.7,562,184,0,2018-10-07,SUP012
PROD0470,Apple Cameras 665,Electronics,Cameras,Apple,23944.0,16761.0,30,10571.0,5.63,2.7,2107,281,1,2019-12-16,SUP042
PROD0471,Fisher-Price Board Games 650,Toys & Games,Board Games,Fisher-Price,2939.0,2351.0,20,953.0,14.37,3.0,4311,462,1,2019-11-23,SUP026
PROD0472,Prestige Decor 246,Home & Kitchen,Decor,Prestige,37797.0,26458.0,30,14772.0,13.24,4.9,1719,349,1,2021-02-06,SUP007
PROD0473,Classmate Printers 793,Office Supplies,Printers,Classmate,1945.0,972.0,50,596.0,1.68,2.7,4454,499,1,2022-08-07,SUP040
PROD0474,Bosch Tyres 935,Automotive,Tyres,Bosch,7485.0,6362.0,15,3117.0,6.03,3.0,2114,178,1,2022-12-20,SUP043
PROD0475,Rupa Academic 663,Books,Academic,Rupa,616.0,554.0,10,377.0,12.43,3.2,4373,379,1,2019-10-07,SUP034
PROD0476,Hasbro Outdoor 736,Toys & Games,Outdoor,Hasbro,7110.0,4266.0,40,2710.0,4.72,4.0,1340,457,1,2022-05-13,SUP030
PROD0477,Nike Jewellery 743,Fashion,Jewellery,Nike,5090.0,2545.0,50,1027.0,11.87,4.9,4022,388,1,2022-07-15,SUP037
PROD0478,Patanjali Medical Devices 337,Beauty & Health,Medical Devices,Patanjali,4850.0,3395.0,30,1577.0,12.25,3.3,2856,349,1,2019-03-15,SUP039
PROD0479,Asian Paints Cleaning 648,Home & Kitchen,Cleaning,Asian Paints,11749.0,8812.0,25,4399.0,7.13,4.4,4188,62,1,2021-05-18,SUP015
PROD0480,Penguin Fiction 644,Books,Fiction,Penguin,980.0,833.0,15,508.0,6.67,4.3,2600,126,1,2018-09-19,SUP026
PROD0481,Himalaya Haircare 119,Beauty & Health,Haircare,Himalaya,3951.0,3556.0,10,1900.0,3.35,4.6,2901,480,1,2019-01-19,SUP048
PROD0482,Aashirvaad Spices 885,Grocery,Spices,Aashirvaad,771.0,617.0,20,304.0,0.31,3.8,1737,278,1,2020-08-09,SUP025
PROD0483,S.Chand Children 867,Books,Children,S.Chand,1940.0,970.0,50,554.0,14.0,4.6,2545,482,1,2022-04-14,SUP040
PROD0484,Asian Paints Decor 589,Home & Kitchen,Decor,Asian Paints,15500.0,13950.0,10,8032.0,3.48,4.2,478,225,1,2021-10-21,SUP030
PROD0485,Himalaya Supplements 176,Beauty & Health,Supplements,Himalaya,3011.0,2409.0,20,1357.0,11.04,4.8,383,411,1,2018-12-02,SUP049
PROD0486,Xiaomi Headphones 716,Electronics,Headphones,Xiaomi,57048.0,34229.0,40,14310.0,8.32,4.5,2706,190,1,2021-06-14,SUP022
PROD0487,Lego Electronic Toys 601,Toys & Games,Electronic Toys,Lego,5455.0,4910.0,10,3315.0,9.71,3.7,2519,422,1,2022-10-28,SUP026
PROD0488,Peter England Jewellery 118,Fashion,Jewellery,Peter England,11057.0,9398.0,15,4346.0,8.51,3.6,82,19,1,2021-08-22,SUP025
PROD0489,Fabindia Men Clothing 964,Fashion,Men Clothing,Fabindia,9584.0,5750.0,40,3999.0,2.69,2.7,2068,308,1,2021-06-19,SUP044
PROD0490,Nivia Swimming 790,Sports & Fitness,Swimming,Nivia,26247.0,24935.0,5,16815.0,0.31,2.5,1364,396,1,2019-02-04,SUP002
PROD0491,Castrol Tools 833,Automotive,Tools,Castrol,17383.0,13906.0,20,8857.0,10.45,3.7,1423,84,1,2022-04-29,SUP010
PROD0492,Rupa Self-Help 553,Books,Self-Help,Rupa,1615.0,1211.0,25,574.0,3.45,4.0,296,13,1,2021-06-12,SUP022
PROD0493,Castrol Car Accessories 179,Automotive,Car Accessories,Castrol,7135.0,6065.0,15,3756.0,9.99,2.8,4519,234,1,2021-02-09,SUP001
PROD0494,3M Tyres 130,Automotive,Tyres,3M,19229.0,19229.0,0,10231.0,8.17,3.7,1196,319,1,2022-03-30,SUP002
PROD0495,Samsung TV & Monitors 519,Electronics,TV & Monitors,Samsung,115122.0,103610.0,10,44388.0,6.39,3.3,3225,273,1,2018-01-06,SUP017
PROD0496,Reebok Gym Equipment 148,Sports & Fitness,Gym Equipment,Reebok,6576.0,3288.0,50,2157.0,2.04,4.0,4105,224,1,2019-11-26,SUP002
PROD0497,3M Tyres 191,Automotive,Tyres,3M,9468.0,8048.0,15,3777.0,3.79,4.5,597,374,1,2022-04-03,SUP016
PROD0498,Xiaomi Smart Watches 252,Electronics,Smart Watches,Xiaomi,121645.0,121645.0,0,63665.0,2.71,2.7,3237,364,1,2019-03-18,SUP037
PROD0499,Patanjali Medical Devices 688,Beauty & Health,Medical Devices,Patanjali,3458.0,2939.0,15,1788.0,8.2,4.8,4462,47,1,2018-11-15,SUP040
PROD0500,Hawkins Bedding 139,Home & Kitchen,Bedding,Hawkins,41738.0,39651.0,5,25181.0,0.98,2.9,4775,210,1,2020-06-17,SUP012
PROD0501,Prestige Storage 662,Home & Kitchen,Storage,Prestige,24470.0,20800.0,15,13423.0,0.61,2.9,1475,439,1,2019-07-25,SUP013
PROD0502,Haldirams Staples 305,Grocery,Staples,Haldirams,1290.0,1032.0,20,710.0,11.08,5.0,2501,406,1,2018-04-12,SUP047
PROD0503,Godrej Furniture 833,Office Supplies,Furniture,Godrej,3136.0,3136.0,0,1639.0,13.77,2.7,1685,426,1,2020-11-28,SUP014
PROD0504,Godrej Cleaning 169,Home & Kitchen,Cleaning,Godrej,28370.0,19859.0,30,13623.0,11.26,4.6,1173,414,1,2021-10-21,SUP045
PROD0505,Peter England Women Clothing 220,Fashion,Women Clothing,Peter England,5648.0,5648.0,0,3496.0,7.08,3.6,1494,426,1,2018-08-24,SUP020
PROD0506,Cosco Yoga 154,Sports & Fitness,Yoga,Cosco,1461.0,1023.0,30,419.0,2.86,4.4,2764,388,1,2018-10-06,SUP005
PROD0507,Meguiars Bike Accessories 695,Automotive,Bike Accessories,Meguiars,9340.0,4670.0,50,1931.0,1.31,3.2,943,49,1,2018-07-09,SUP023
PROD0508,Castrol Oils & Fluids 735,Automotive,Oils & Fluids,Castrol,19904.0,13933.0,30,5868.0,13.71,4.0,1529,404,1,2020-10-14,SUP004
PROD0509,OnePlus Cameras 684,Electronics,Cameras,OnePlus,34210.0,27368.0,20,12523.0,4.62,2.7,3817,128,1,2021-11-12,SUP021
PROD0510,OnePlus Tablets 929,Electronics,Tablets,OnePlus,18364.0,15609.0,15,8955.0,7.28,4.1,820,281,1,2022-02-13,SUP019
PROD0511,HP Stationery 941,Office Supplies,Stationery,HP,1950.0,1365.0,30,871.0,2.48,3.4,2049,217,1,2020-10-20,SUP040
PROD0512,Toyzone Board Games 441,Toys & Games,Board Games,Toyzone,5169.0,5169.0,0,2247.0,9.59,4.6,4894,245,1,2019-09-16,SUP046
PROD0513,MRF Tyres 444,Automotive,Tyres,MRF,11224.0,10663.0,5,4708.0,12.96,4.6,4397,450,1,2019-03-22,SUP005
PROD0514,Sony Cameras 607,Electronics,Cameras,Sony,85535.0,51321.0,40,25911.0,14.73,4.8,2063,407,1,2022-01-30,SUP018
PROD0515,Cosco Cycling 591,Sports & Fitness,Cycling,Cosco,19513.0,11708.0,40,7046.0,14.39,2.9,3821,403,1,2018-08-29,SUP007
PROD0516,SG Football 326,Sports & Fitness,Football,SG,14235.0,14235.0,0,6476.0,12.64,3.5,1378,387,1,2021-09-13,SUP027
PROD0517,Dabur Dairy 317,Grocery,Dairy,Dabur,619.0,588.0,5,241.0,4.78,4.8,4253,61,1,2019-05-15,SUP024
PROD0518,HP Storage 916,Office Supplies,Storage,HP,8181.0,4909.0,40,3361.0,12.44,3.6,571,266,1,2020-10-09,SUP026
PROD0519,Reebok Gym Equipment 670,Sports & Fitness,Gym Equipment,Reebok,1045.0,522.0,50,226.0,12.23,3.7,4700,331,1,2019-01-31,SUP026
PROD0520,Samsung Mobile Phones 152,Electronics,Mobile Phones,Samsung,75491.0,37746.0,50,17933.0,13.6,4.5,2803,145,1,2022-12-21,SUP048
PROD0521,Sony TV & Monitors 632,Electronics,TV & Monitors,Sony,129962.0,116966.0,10,47667.0,2.16,3.0,100,320,1,2021-11-18,SUP021
PROD0522,Toyzone Outdoor 335,Toys & Games,Outdoor,Toyzone,7559.0,5291.0,30,2445.0,9.83,3.2,1016,289,1,2021-12-12,SUP043
PROD0523,MRF Car Accessories 478,Automotive,Car Accessories,MRF,17746.0,12422.0,30,6425.0,0.94,4.2,1868,375,1,2021-05-20,SUP003
PROD0524,Adidas Sunglasses 940,Fashion,Sunglasses,Adidas,4939.0,4198.0,15,2767.0,5.14,3.6,4238,313,1,2021-06-16,SUP010
PROD0525,Rupa Fiction 614,Books,Fiction,Rupa,1064.0,958.0,10,450.0,4.02,3.6,3733,284,1,2019-05-31,SUP046
PROD0526,HarperCollins Non-Fiction 515,Books,Non-Fiction,HarperCollins,814.0,570.0,30,398.0,10.98,4.6,3347,406,1,2021-10-07,SUP022
PROD0527,Castrol Tyres 651,Automotive,Tyres,Castrol,4744.0,3321.0,30,1902.0,4.34,2.6,4617,244,1,2021-12-15,SUP045
PROD0528,Godrej Storage 310,Home & Kitchen,Storage,Godrej,29472.0,14736.0,50,6415.0,7.55,4.2,2636,67,1,2021-12-22,SUP035
PROD0529,Scholastic Children 975,Books,Children,Scholastic,904.0,768.0,15,350.0,4.2,5.0,3187,338,1,2018-10-15,SUP026
PROD0530,OnePlus TV & Monitors 868,Electronics,TV & Monitors,OnePlus,47749.0,23874.0,50,12918.0,1.99,3.3,2100,32,1,2019-07-27,SUP028
PROD0531,Nestle Staples 261,Grocery,Staples,Nestle,108.0,108.0,0,50.0,14.4,3.9,1813,288,1,2019-08-01,SUP031
PROD0532,Patanjali Makeup 129,Beauty & Health,Makeup,Patanjali,3306.0,2810.0,15,1395.0,8.18,4.8,1926,98,1,2022-02-03,SUP004
PROD0533,Godrej Stationery 663,Office Supplies,Stationery,Godrej,9617.0,8655.0,10,5271.0,10.91,4.9,4344,142,1,2019-09-06,SUP021
PROD0534,Hasbro Board Games 171,Toys & Games,Board Games,Hasbro,6320.0,5372.0,15,2779.0,3.83,4.6,2988,311,1,2022-12-20,SUP020
PROD0535,Cosco Cycling 552,Sports & Fitness,Cycling,Cosco,27951.0,26553.0,5,14390.0,14.32,4.0,770,119,1,2022-07-08,SUP015
PROD0536,Amul Spices 500,Grocery,Spices,Amul,325.0,292.0,10,176.0,6.67,2.7,2790,273,1,2022-03-31,SUP021
PROD0537,HarperCollins Children 600,Books,Children,HarperCollins,507.0,431.0,15,231.0,5.1,2.7,3220,374,1,2018-06-08,SUP042
PROD0538,Scholastic Academic 483,Books,Academic,Scholastic,1941.0,1456.0,25,910.0,13.06,4.6,905,99,1,2022-06-08,SUP008
PROD0539,Nilkamal Cookware 664,Home & Kitchen,Cookware,Nilkamal,8343.0,7926.0,5,4581.0,5.73,2.7,1663,400,1,2021-11-02,SUP024
PROD0540,Canon Whiteboards 693,Office Supplies,Whiteboards,Canon,4125.0,2475.0,40,1456.0,6.72,3.2,2357,484,1,2022-04-14,SUP009
PROD0541,Nilkamal Printers 661,Office Supplies,Printers,Nilkamal,3095.0,2631.0,15,1661.0,4.78,4.3,4648,414,1,2022-02-23,SUP023
PROD0542,Philips Furniture 576,Home & Kitchen,Furniture,Philips,37306.0,29845.0,20,13432.0,13.16,4.2,929,483,1,2019-01-11,SUP005
PROD0543,CEAT Tools 297,Automotive,Tools,CEAT,4763.0,4049.0,15,1627.0,10.12,4.2,4542,234,1,2018-09-25,SUP033
PROD0544,Patanjali Skincare 727,Beauty & Health,Skincare,Patanjali,524.0,419.0,20,204.0,4.01,3.8,1024,291,1,2019-06-08,SUP047
PROD0545,OnePlus TV & Monitors 432,Electronics,TV & Monitors,OnePlus,128338.0,89837.0,30,59164.0,8.17,3.5,1952,269,1,2022-06-06,SUP016
PROD0546,Nivia Football 594,Sports & Fitness,Football,Nivia,4957.0,2974.0,40,1263.0,2.06,4.1,3157,338,1,2020-06-30,SUP022
PROD0547,Dabur Dairy 174,Grocery,Dairy,Dabur,389.0,350.0,10,238.0,6.31,3.9,4326,70,1,2022-11-04,SUP007
PROD0548,CEAT Bike Accessories 831,Automotive,Bike Accessories,CEAT,18837.0,9418.0,50,6204.0,7.16,3.6,3084,16,1,2021-10-22,SUP049
PROD0549,Prestige Decor 981,Home & Kitchen,Decor,Prestige,19683.0,18699.0,5,10800.0,6.73,2.7,392,65,1,2021-01-03,SUP041
PROD0550,Nilkamal Cleaning 489,Home & Kitchen,Cleaning,Nilkamal,39425.0,27598.0,30,19264.0,0.92,3.2,3701,345,1,2021-05-30,SUP022
PROD0551,Puma Sunglasses 651,Fashion,Sunglasses,Puma,1031.0,1031.0,0,538.0,12.74,4.0,1078,491,1,2020-06-30,SUP026
PROD0552,Patanjali Skincare 478,Beauty & Health,Skincare,Patanjali,1078.0,808.0,25,412.0,4.65,4.6,4729,324,1,2022-11-06,SUP046
PROD0553,Nestle Beverages 453,Grocery,Beverages,Nestle,1223.0,1162.0,5,777.0,7.64,4.7,2893,152,1,2022-06-01,SUP015
PROD0554,Fabindia Sunglasses 707,Fashion,Sunglasses,Fabindia,3659.0,2195.0,40,1316.0,0.62,2.8,4102,33,1,2018-09-04,SUP046
PROD0555,Samsung Laptops 922,Electronics,Laptops,Samsung,132139.0,105711.0,20,63421.0,13.8,3.2,1172,322,0,2020-10-19,SUP006
PROD0556,Fisher-Price Board Games 641,Toys & Games,Board Games,Fisher-Price,2749.0,1924.0,30,1331.0,13.41,2.7,465,170,1,2021-01-29,SUP041
PROD0557,Canon Storage 923,Office Supplies,Storage,Canon,2685.0,2282.0,15,1041.0,13.76,4.3,4179,130,1,2018-08-13,SUP033
PROD0558,Reebok Swimming 205,Sports & Fitness,Swimming,Reebok,14488.0,7244.0,50,3122.0,13.72,4.2,1892,162,1,2022-06-22,SUP050
PROD0559,Boat Smart Watches 992,Electronics,Smart Watches,Boat,8546.0,5128.0,40,2235.0,12.01,4.3,3054,461,1,2020-01-29,SUP023
PROD0560,Prestige Furniture 293,Home & Kitchen,Furniture,Prestige,11803.0,10033.0,15,4702.0,0.15,4.6,1015,150,1,2019-11-27,SUP029
PROD0561,S.Chand Academic 472,Books,Academic,S.Chand,1621.0,1378.0,15,855.0,14.9,3.8,900,71,1,2020-01-20,SUP050
PROD0562,Boat TV & Monitors 755,Electronics,TV & Monitors,Boat,63338.0,38003.0,40,17702.0,5.3,4.3,3841,222,1,2020-06-01,SUP050
PROD0563,Nilkamal Cleaning 869,Home & Kitchen,Cleaning,Nilkamal,3186.0,2867.0,10,1304.0,11.61,4.5,3675,307,1,2018-10-03,SUP040
PROD0564,Nilkamal Furniture 800,Office Supplies,Furniture,Nilkamal,8352.0,7517.0,10,4418.0,0.35,3.9,33,221,0,2019-08-11,SUP045
PROD0565,Patanjali Supplements 984,Beauty & Health,Supplements,Patanjali,669.0,569.0,15,264.0,4.68,2.6,3925,22,1,2021-10-06,SUP035
PROD0566,Yonex Cricket 454,Sports & Fitness,Cricket,Yonex,6431.0,5145.0,20,2583.0,5.13,4.1,2579,285,1,2019-08-12,SUP031
PROD0567,Classmate Printers 798,Office Supplies,Printers,Classmate,359.0,341.0,5,207.0,2.0,4.8,636,384,1,2022-08-24,SUP003
PROD0568,Bata Sunglasses 767,Fashion,Sunglasses,Bata,12288.0,11059.0,10,5328.0,1.14,3.0,1470,377,1,2022-10-02,SUP047
PROD0569,HP Furniture 127,Office Supplies,Furniture,HP,3599.0,1800.0,50,930.0,7.43,2.6,2550,391,1,2021-12-08,SUP013
PROD0570,S.Chand Non-Fiction 766,Books,Non-Fiction,S.Chand,1313.0,1313.0,0,662.0,5.31,4.3,3020,190,1,2021-01-24,SUP042
PROD0571,Amul Spices 736,Grocery,Spices,Amul,1435.0,1004.0,30,489.0,12.33,3.5,870,73,1,2019-11-23,SUP005
PROD0572,Godrej Furniture 159,Office Supplies,Furniture,Godrej,5687.0,5118.0,10,2189.0,1.38,4.3,4399,279,1,2020-09-21,SUP028
PROD0573,SG Gym Equipment 550,Sports & Fitness,Gym Equipment,SG,20015.0,14010.0,30,7367.0,10.42,3.4,1917,395,1,2019-11-10,SUP005
PROD0574,Realme Headphones 347,Electronics,Headphones,Realme,49608.0,42167.0,15,29324.0,2.11,4.7,1196,14,1,2021-12-03,SUP042
PROD0575,Bata Bags & Wallets 682,Fashion,Bags & Wallets,Bata,1283.0,642.0,50,278.0,6.28,3.6,166,154,1,2019-11-24,SUP025
PROD0576,Fabindia Bags & Wallets 545,Fashion,Bags & Wallets,Fabindia,12036.0,12036.0,0,6952.0,9.61,3.8,1673,220,1,2018-06-24,SUP022
PROD0577,Godrej Stationery 791,Office Supplies,Stationery,Godrej,9914.0,6940.0,30,3185.0,3.02,3.6,3148,299,1,2019-10-18,SUP017
PROD0578,Adidas Sunglasses 397,Fashion,Sunglasses,Adidas,7245.0,7245.0,0,3596.0,14.39,2.7,166,232,1,2018-04-18,SUP021
PROD0579,Haldirams Organic 768,Grocery,Organic,Haldirams,1198.0,898.0,25,463.0,1.85,4.3,3322,149,1,2022-07-18,SUP037
PROD0580,Nike Women Clothing 313,Fashion,Women Clothing,Nike,9455.0,6618.0,30,3502.0,8.02,3.7,3943,214,0,2021-06-04,SUP001
PROD0581,Nestle Staples 673,Grocery,Staples,Nestle,786.0,707.0,10,450.0,3.65,2.9,966,117,1,2019-02-07,SUP023
PROD0582,LOreal Skincare 928,Beauty & Health,Skincare,LOreal,3074.0,2459.0,20,1203.0,1.36,3.2,2506,356,1,2018-09-06,SUP023
PROD0583,3M Bike Accessories 643,Automotive,Bike Accessories,3M,19524.0,18548.0,5,10908.0,0.89,2.7,754,261,1,2021-06-07,SUP030
PROD0584,Toyzone Action Figures 723,Toys & Games,Action Figures,Toyzone,3535.0,2651.0,25,1741.0,3.66,3.9,1008,360,1,2022-01-01,SUP046
PROD0585,SG Gym Equipment 503,Sports & Fitness,Gym Equipment,SG,11634.0,5817.0,50,3268.0,2.33,3.7,3937,411,1,2020-10-10,SUP005
PROD0586,Funskool Outdoor 403,Toys & Games,Outdoor,Funskool,4486.0,3589.0,20,2153.0,9.33,2.8,2519,102,1,2020-01-27,SUP018
PROD0587,Himalaya Skincare 147,Beauty & Health,Skincare,Himalaya,2949.0,2802.0,5,1131.0,12.43,3.4,1978,264,1,2019-02-16,SUP017
PROD0588,Nestle Snacks 499,Grocery,Snacks,Nestle,155.0,116.0,25,61.0,11.32,4.5,4440,195,1,2021-09-16,SUP003
PROD0589,Mattel Outdoor 579,Toys & Games,Outdoor,Mattel,1753.0,1753.0,0,742.0,7.08,4.1,1354,180,1,2022-03-10,SUP024
PROD0590,HarperCollins Self-Help 521,Books,Self-Help,HarperCollins,163.0,147.0,10,68.0,13.76,3.2,4030,5,1,2018-12-01,SUP018
PROD0591,Nestle Organic 341,Grocery,Organic,Nestle,1112.0,834.0,25,511.0,4.39,2.6,3053,460,1,2020-03-12,SUP016
PROD0592,Cosco Cricket 672,Sports & Fitness,Cricket,Cosco,4219.0,3797.0,10,1657.0,13.02,2.6,722,185,1,2020-12-01,SUP008
PROD0593,Prestige Furniture 155,Home & Kitchen,Furniture,Prestige,11537.0,10383.0,10,5730.0,8.83,4.9,2078,364,1,2018-10-11,SUP023
PROD0594,Oxford Children 760,Books,Children,Oxford,278.0,139.0,50,63.0,6.78,3.1,1682,445,1,2021-04-06,SUP036
PROD0595,3M Tools 633,Automotive,Tools,3M,6074.0,4556.0,25,2457.0,12.27,3.7,3196,270,1,2018-10-24,SUP030
PROD0596,S.Chand Children 338,Books,Children,S.Chand,1230.0,615.0,50,333.0,4.12,3.7,4358,223,1,2018-12-19,SUP042
PROD0597,S.Chand Self-Help 419,Books,Self-Help,S.Chand,784.0,706.0,10,282.0,10.16,4.0,2522,435,1,2020-03-24,SUP022
PROD0598,3M Tools 621,Automotive,Tools,3M,4915.0,3686.0,25,1640.0,12.05,3.3,2959,135,1,2018-10-13,SUP008
PROD0599,Godrej Lighting 546,Home & Kitchen,Lighting,Godrej,16530.0,14050.0,15,7011.0,11.08,4.7,1481,316,1,2021-04-02,SUP044
PROD0600,Himalaya Skincare 751,Beauty & Health,Skincare,Himalaya,4266.0,2560.0,40,1411.0,11.27,3.7,1569,137,1,2020-03-05,SUP019
PROD0601,Oxford Fiction 615,Books,Fiction,Oxford,1406.0,1125.0,20,506.0,14.46,3.5,4940,43,1,2018-10-07,SUP026
PROD0602,Canon Storage 784,Office Supplies,Storage,Canon,5190.0,4152.0,20,2779.0,6.81,3.4,4362,209,1,2018-08-09,SUP022
PROD0603,Patanjali Haircare 566,Beauty & Health,Haircare,Patanjali,867.0,520.0,40,350.0,6.49,4.0,891,24,0,2021-06-24,SUP046
PROD0604,Cosco Swimming 909,Sports & Fitness,Swimming,Cosco,28714.0,22971.0,20,9710.0,11.37,4.3,1985,383,1,2018-06-29,SUP012
PROD0605,SG Yoga 954,Sports & Fitness,Yoga,SG,29976.0,29976.0,0,12642.0,14.24,4.0,4503,159,1,2021-02-20,SUP035
PROD0606,Funskool Board Games 262,Toys & Games,Board Games,Funskool,5478.0,4382.0,20,2948.0,4.6,3.0,745,75,1,2021-05-08,SUP040
PROD0607,Scholastic Children 388,Books,Children,Scholastic,295.0,280.0,5,174.0,8.4,3.3,3331,358,1,2020-09-26,SUP032
PROD0608,Nestle Snacks 632,Grocery,Snacks,Nestle,1031.0,876.0,15,397.0,6.33,4.1,496,15,1,2020-05-04,SUP049
PROD0609,Peter England Jewellery 911,Fashion,Jewellery,Peter England,2541.0,1906.0,25,780.0,2.99,4.8,1159,420,1,2018-06-08,SUP046
PROD0610,Mattel Action Figures 599,Toys & Games,Action Figures,Mattel,3787.0,3598.0,5,1561.0,10.22,2.8,2329,274,1,2018-11-12,SUP019
PROD0611,Nilkamal Printers 536,Office Supplies,Printers,Nilkamal,6667.0,5334.0,20,3006.0,0.98,4.9,290,476,1,2020-10-23,SUP035
PROD0612,Amul Snacks 374,Grocery,Snacks,Amul,292.0,277.0,5,136.0,9.61,3.7,1498,411,0,2019-04-28,SUP035
PROD0613,Nestle Snacks 968,Grocery,Snacks,Nestle,381.0,229.0,40,144.0,0.22,3.8,4622,391,1,2019-07-26,SUP033
PROD0614,CEAT Car Accessories 992,Automotive,Car Accessories,CEAT,11951.0,11353.0,5,4796.0,8.28,4.1,716,9,1,2019-10-23,SUP046
PROD0615,Mattel Educational 937,Toys & Games,Educational,Mattel,6273.0,4705.0,25,2286.0,14.47,4.5,671,120,1,2018-12-07,SUP001
PROD0616,CEAT Bike Accessories 884,Automotive,Bike Accessories,CEAT,14585.0,11668.0,20,7405.0,12.31,3.8,2958,56,1,2019-01-29,SUP016
PROD0617,LOreal Supplements 903,Beauty & Health,Supplements,LOreal,4480.0,4256.0,5,2085.0,9.56,4.8,1462,61,1,2019-10-27,SUP045
PROD0618,Penguin Non-Fiction 206,Books,Non-Fiction,Penguin,1109.0,998.0,10,600.0,0.61,3.0,146,119,1,2019-06-22,SUP028
PROD0619,Bata Sunglasses 670,Fashion,Sunglasses,Bata,13300.0,10640.0,20,5489.0,5.59,2.6,879,260,1,2020-05-24,SUP012
PROD0620,Scholastic Fiction 337,Books,Fiction,Scholastic,1637.0,1391.0,15,653.0,0.65,4.7,368,243,1,2022-10-09,SUP017
PROD0621,Puma Women Clothing 334,Fashion,Women Clothing,Puma,5801.0,4931.0,15,2413.0,2.05,2.8,4703,98,1,2019-05-27,SUP017
PROD0622,Lego Educational 706,Toys & Games,Educational,Lego,1950.0,1365.0,30,697.0,3.8,3.7,2020,154,1,2018-07-06,SUP029
PROD0623,Godrej Furniture 155,Office Supplies,Furniture,Godrej,4323.0,3675.0,15,1620.0,8.88,4.1,1878,282,1,2018-06-06,SUP014
PROD0624,Scholastic Academic 355,Books,Academic,Scholastic,939.0,657.0,30,386.0,1.87,4.9,486,79,1,2021-10-06,SUP038
PROD0625,Mattel Electronic Toys 166,Toys & Games,Electronic Toys,Mattel,3026.0,2723.0,10,1543.0,14.12,3.3,384,223,1,2018-01-04,SUP017
PROD0626,Yonex Swimming 188,Sports & Fitness,Swimming,Yonex,20840.0,15630.0,25,9289.0,10.63,4.8,2966,495,1,2022-02-07,SUP031
PROD0627,Xiaomi Mobile Phones 278,Electronics,Mobile Phones,Xiaomi,55069.0,49562.0,10,24397.0,14.0,4.6,269,341,1,2020-09-02,SUP013
PROD0628,Amul Dairy 330,Grocery,Dairy,Amul,1366.0,956.0,30,606.0,3.86,4.5,3466,103,1,2018-05-15,SUP004
PROD0629,Oxford Fiction 800,Books,Fiction,Oxford,1754.0,1403.0,20,860.0,14.52,3.0,1585,222,0,2020-09-23,SUP024
PROD0630,Fabindia Footwear 324,Fashion,Footwear,Fabindia,1693.0,1524.0,10,880.0,6.45,3.1,647,433,1,2021-05-27,SUP036
PROD0631,Patanjali Skincare 646,Beauty & Health,Skincare,Patanjali,1921.0,1345.0,30,806.0,10.49,3.3,3256,249,1,2019-10-06,SUP028
PROD0632,Himalaya Skincare 994,Beauty & Health,Skincare,Himalaya,3374.0,3374.0,0,1768.0,9.82,3.3,3472,114,1,2019-10-05,SUP012
PROD0633,Toyzone Board Games 805,Toys & Games,Board Games,Toyzone,3956.0,2769.0,30,1638.0,2.25,4.7,3208,182,1,2019-02-24,SUP030
PROD0634,Rupa Non-Fiction 573,Books,Non-Fiction,Rupa,1162.0,872.0,25,492.0,2.2,4.5,2088,266,1,2021-04-01,SUP010
PROD0635,Boat Tablets 322,Electronics,Tablets,Boat,117615.0,94092.0,20,61267.0,12.95,4.9,3897,204,1,2018-10-21,SUP004
PROD0636,OnePlus Headphones 309,Electronics,Headphones,OnePlus,79902.0,39951.0,50,23646.0,10.36,4.8,4233,164,1,2018-04-26,SUP006
PROD0637,Biotique Skincare 209,Beauty & Health,Skincare,Biotique,1280.0,1152.0,10,713.0,11.1,4.8,1762,94,1,2019-08-21,SUP019
PROD0638,Apple Cameras 911,Electronics,Cameras,Apple,79464.0,75491.0,5,40673.0,0.29,3.3,4200,208,1,2022-01-23,SUP027
PROD0639,Funskool Action Figures 658,Toys & Games,Action Figures,Funskool,5425.0,4069.0,25,2058.0,14.61,4.5,956,119,1,2018-12-30,SUP035
PROD0640,Toyzone Board Games 713,Toys & Games,Board Games,Toyzone,3516.0,3516.0,0,1849.0,0.77,3.8,3495,177,1,2021-11-13,SUP025
PROD0641,S.Chand Children 835,Books,Children,S.Chand,709.0,354.0,50,172.0,1.09,4.7,4381,475,1,2020-09-19,SUP037
PROD0642,Bosch Car Accessories 549,Automotive,Car Accessories,Bosch,13846.0,13846.0,0,9621.0,9.72,3.9,1169,254,1,2019-10-22,SUP015
PROD0643,Fabindia Women Clothing 690,Fashion,Women Clothing,Fabindia,7577.0,7577.0,0,3867.0,10.11,2.7,933,338,1,2019-10-26,SUP001
PROD0644,LOreal Haircare 473,Beauty & Health,Haircare,LOreal,2528.0,1896.0,25,857.0,12.0,4.3,919,23,1,2018-06-25,SUP022
PROD0645,Xiaomi Cameras 270,Electronics,Cameras,Xiaomi,126424.0,94818.0,25,41084.0,14.95,4.5,453,118,1,2018-04-15,SUP015
PROD0646,Yonex Cycling 297,Sports & Fitness,Cycling,Yonex,22876.0,16013.0,30,7089.0,2.55,4.1,925,118,1,2022-05-15,SUP035
PROD0647,Canon Furniture 205,Office Supplies,Furniture,Canon,9137.0,8680.0,5,6025.0,5.43,3.5,657,24,1,2021-04-20,SUP011
PROD0648,Fabindia Bags & Wallets 977,Fashion,Bags & Wallets,Fabindia,6663.0,3332.0,50,1514.0,7.72,3.5,806,462,1,2018-12-27,SUP027
PROD0649,Bosch Oils & Fluids 789,Automotive,Oils & Fluids,Bosch,16296.0,13852.0,15,6171.0,4.78,4.6,105,316,1,2022-07-27,SUP042
PROD0650,HarperCollins Fiction 158,Books,Fiction,HarperCollins,745.0,372.0,50,230.0,2.71,4.4,2965,295,1,2022-07-30,SUP041
PROD0651,Nivia Yoga 406,Sports & Fitness,Yoga,Nivia,21407.0,14985.0,30,9940.0,13.72,4.1,4208,19,1,2020-01-18,SUP031
PROD0652,Lakme Haircare 568,Beauty & Health,Haircare,Lakme,1622.0,1541.0,5,843.0,6.21,3.8,2179,402,1,2018-10-05,SUP036
PROD0653,Cosco Cycling 594,Sports & Fitness,Cycling,Cosco,3851.0,3851.0,0,1911.0,1.21,3.6,1827,98,1,2021-08-16,SUP043
PROD0654,Samsung Laptops 705,Electronics,Laptops,Samsung,136169.0,115744.0,15,72624.0,4.07,2.6,4436,388,1,2018-03-26,SUP010
PROD0655,Bosch Tyres 630,Automotive,Tyres,Bosch,3864.0,1932.0,50,1310.0,6.41,3.5,1344,342,1,2022-06-10,SUP009
PROD0656,Samsung Tablets 683,Electronics,Tablets,Samsung,81350.0,65080.0,20,38024.0,9.69,3.3,915,412,1,2019-01-19,SUP009
PROD0657,Penguin Self-Help 371,Books,Self-Help,Penguin,859.0,773.0,10,380.0,8.67,3.3,408,140,1,2022-08-08,SUP029
PROD0658,HarperCollins Children 437,Books,Children,HarperCollins,1250.0,625.0,50,388.0,13.15,4.9,3210,70,1,2021-12-18,SUP007
PROD0659,Amul Staples 743,Grocery,Staples,Amul,882.0,529.0,40,268.0,13.5,2.8,2230,139,1,2022-11-23,SUP010
PROD0660,Decathlon Swimming 686,Sports & Fitness,Swimming,Decathlon,12620.0,8834.0,30,5917.0,7.03,3.3,4170,82,0,2018-08-31,SUP019
PROD0661,Asian Paints Bedding 716,Home & Kitchen,Bedding,Asian Paints,34011.0,23808.0,30,12066.0,10.23,3.5,3727,335,0,2022-10-10,SUP045
PROD0662,3M Tools 924,Automotive,Tools,3M,17542.0,12279.0,30,8010.0,8.96,3.3,3037,33,1,2018-07-28,SUP014
PROD0663,HarperCollins Business 293,Books,Business,HarperCollins,951.0,808.0,15,454.0,2.13,4.5,442,183,1,2021-05-22,SUP049
PROD0664,Asian Paints Lighting 488,Home & Kitchen,Lighting,Asian Paints,16627.0,14133.0,15,8792.0,5.52,4.8,2351,211,0,2019-10-14,SUP019
PROD0665,OnePlus Laptops 583,Electronics,Laptops,OnePlus,141571.0,99100.0,30,54871.0,6.0,3.7,4205,291,1,2018-10-18,SUP024
PROD0666,Philips Decor 657,Home & Kitchen,Decor,Philips,2281.0,1825.0,20,1173.0,12.4,2.7,1958,202,1,2018-04-16,SUP017
PROD0667,Hawkins Cookware 874,Home & Kitchen,Cookware,Hawkins,16220.0,14598.0,10,7483.0,12.97,2.7,871,301,1,2020-06-05,SUP015
PROD0668,Adidas Bags & Wallets 349,Fashion,Bags & Wallets,Adidas,2531.0,2025.0,20,1286.0,4.07,3.9,3804,499,1,2022-11-02,SUP005
PROD0669,Asian Paints Cookware 337,Home & Kitchen,Cookware,Asian Paints,24785.0,17350.0,30,10485.0,10.8,4.6,982,206,1,2019-03-25,SUP036
PROD0670,HarperCollins Business 375,Books,Business,HarperCollins,1404.0,1404.0,0,608.0,13.16,3.0,3039,402,1,2021-06-05,SUP013
PROD0671,Nike Men Clothing 302,Fashion,Men Clothing,Nike,14296.0,8578.0,40,5132.0,0.59,4.8,657,426,1,2021-11-18,SUP036
PROD0672,Amul Beverages 400,Grocery,Beverages,Amul,435.0,413.0,5,170.0,6.25,3.3,3350,380,1,2021-01-19,SUP027
PROD0673,Boat Tablets 296,Electronics,Tablets,Boat,46741.0,44404.0,5,19192.0,5.05,2.7,116,360,0,2019-02-13,SUP045
PROD0674,Amul Organic 545,Grocery,Organic,Amul,1245.0,934.0,25,540.0,14.9,2.6,901,467,1,2018-02-27,SUP022
PROD0675,Toyzone Educational 967,Toys & Games,Educational,Toyzone,2755.0,2066.0,25,1411.0,10.3,3.7,859,431,1,2021-06-19,SUP046
PROD0676,Aashirvaad Snacks 556,Grocery,Snacks,Aashirvaad,1495.0,1196.0,20,749.0,10.1,4.0,3341,434,1,2021-07-25,SUP041
PROD0677,Mattel Outdoor 935,Toys & Games,Outdoor,Mattel,2633.0,2501.0,5,1045.0,9.01,3.1,1386,193,1,2019-01-16,SUP043
PROD0678,Classmate Furniture 663,Office Supplies,Furniture,Classmate,2215.0,1883.0,15,951.0,12.86,4.9,73,108,1,2021-07-15,SUP006
PROD0679,Decathlon Football 723,Sports & Fitness,Football,Decathlon,11582.0,5791.0,50,2681.0,11.71,2.9,4681,458,1,2019-05-15,SUP006
PROD0680,HP Whiteboards 460,Office Supplies,Whiteboards,HP,8691.0,8256.0,5,3496.0,8.03,3.3,1064,310,1,2018-03-09,SUP015
PROD0681,LOreal Supplements 339,Beauty & Health,Supplements,LOreal,3918.0,3330.0,15,1866.0,4.3,2.8,1262,296,1,2020-01-02,SUP034
PROD0682,Lego Board Games 790,Toys & Games,Board Games,Lego,3971.0,2978.0,25,1217.0,1.48,3.6,1126,239,1,2021-08-15,SUP042
PROD0683,Scholastic Business 300,Books,Business,Scholastic,560.0,336.0,40,141.0,3.32,4.5,4588,476,1,2019-03-14,SUP048
PROD0684,Sony Mobile Phones 364,Electronics,Mobile Phones,Sony,28806.0,28806.0,0,15995.0,1.05,3.1,2241,184,0,2019-03-01,SUP007
PROD0685,Godrej Furniture 912,Home & Kitchen,Furniture,Godrej,5963.0,5367.0,10,3186.0,5.24,3.8,737,306,1,2022-09-22,SUP024
PROD0686,Toyzone Outdoor 435,Toys & Games,Outdoor,Toyzone,6780.0,4746.0,30,2320.0,8.18,3.5,4833,36,1,2021-03-19,SUP041
PROD0687,CEAT Oils & Fluids 916,Automotive,Oils & Fluids,CEAT,19881.0,11929.0,40,8142.0,6.19,2.6,862,81,1,2022-03-25,SUP019
PROD0688,Canon Stationery 933,Office Supplies,Stationery,Canon,4783.0,4544.0,5,2322.0,3.16,2.9,1912,260,0,2022-04-14,SUP039
PROD0689,Yonex Cycling 239,Sports & Fitness,Cycling,Yonex,6339.0,3170.0,50,1988.0,7.96,3.5,2887,275,1,2019-01-19,SUP016
PROD0690,HarperCollins Self-Help 178,Books,Self-Help,HarperCollins,491.0,368.0,25,156.0,2.02,4.7,2197,199,1,2018-04-10,SUP001
PROD0691,3M Car Accessories 563,Automotive,Car Accessories,3M,6229.0,6229.0,0,2509.0,1.93,3.0,2842,24,0,2018-11-07,SUP002
PROD0692,Godrej Storage 228,Office Supplies,Storage,Godrej,2947.0,2063.0,30,1271.0,6.78,3.3,4132,492,1,2018-04-18,SUP040
PROD0693,Funskool Educational 800,Toys & Games,Educational,Funskool,4032.0,3427.0,15,2042.0,1.09,4.9,4319,113,1,2018-05-13,SUP017
PROD0694,Yonex Football 638,Sports & Fitness,Football,Yonex,22061.0,13237.0,40,8801.0,3.05,4.5,3392,18,1,2022-08-26,SUP032
PROD0695,Haldirams Beverages 163,Grocery,Beverages,Haldirams,1955.0,1368.0,30,919.0,9.1,4.8,647,75,1,2018-12-29,SUP049
PROD0696,S.Chand Non-Fiction 110,Books,Non-Fiction,S.Chand,776.0,621.0,20,315.0,5.98,4.9,293,206,1,2019-08-01,SUP037
PROD0697,Reebok Gym Equipment 719,Sports & Fitness,Gym Equipment,Reebok,17461.0,16588.0,5,7462.0,2.26,4.8,3544,247,1,2019-12-20,SUP005
PROD0698,H&M Jewellery 175,Fashion,Jewellery,H&M,8452.0,8452.0,0,3429.0,3.94,4.7,2645,83,1,2019-01-10,SUP015
PROD0699,Bosch Tools 621,Automotive,Tools,Bosch,8501.0,8501.0,0,4208.0,9.02,3.7,2718,479,1,2021-12-29,SUP003
PROD0700,S.Chand Fiction 555,Books,Fiction,S.Chand,706.0,600.0,15,247.0,10.69,3.7,2371,422,1,2020-06-07,SUP008
PROD0701,Prestige Lighting 233,Home & Kitchen,Lighting,Prestige,28807.0,27367.0,5,19147.0,9.42,4.7,480,184,1,2022-04-16,SUP004
PROD0702,Fisher-Price Educational 391,Toys & Games,Educational,Fisher-Price,5904.0,2952.0,50,1802.0,5.52,4.8,439,149,1,2020-05-11,SUP049
PROD0703,Apple TV & Monitors 704,Electronics,TV & Monitors,Apple,16324.0,13059.0,20,7575.0,8.18,4.1,3312,137,1,2020-06-23,SUP024
PROD0704,Castrol Bike Accessories 131,Automotive,Bike Accessories,Castrol,16118.0,9671.0,40,6475.0,10.66,4.7,3203,68,1,2021-05-02,SUP017
PROD0705,S.Chand Children 330,Books,Children,S.Chand,432.0,367.0,15,181.0,4.48,3.2,1295,337,1,2021-11-22,SUP002
PROD0706,Reebok Football 295,Sports & Fitness,Football,Reebok,26217.0,24906.0,5,16022.0,0.5,4.4,3849,264,1,2019-07-06,SUP004
PROD0707,Oxford Academic 348,Books,Academic,Oxford,333.0,300.0,10,129.0,13.73,3.5,4264,67,1,2022-11-20,SUP013
PROD0708,Puma Jewellery 401,Fashion,Jewellery,Puma,5711.0,4854.0,15,1944.0,0.23,2.5,450,444,1,2021-12-03,SUP004
PROD0709,Realme Laptops 381,Electronics,Laptops,Realme,129023.0,129023.0,0,71413.0,11.29,3.8,4613,53,1,2020-02-02,SUP001
PROD0710,Yonex Yoga 287,Sports & Fitness,Yoga,Yonex,15043.0,12787.0,15,6991.0,1.95,4.7,3775,195,1,2018-01-02,SUP003
PROD0711,Realme TV & Monitors 795,Electronics,TV & Monitors,Realme,27664.0,27664.0,0,12120.0,5.47,3.4,1899,485,1,2018-08-10,SUP026
PROD0712,Godrej Storage 293,Home & Kitchen,Storage,Godrej,24511.0,18383.0,25,8310.0,4.37,3.7,4393,102,1,2021-02-14,SUP016
PROD0713,Funskool Electronic Toys 252,Toys & Games,Electronic Toys,Funskool,7633.0,6870.0,10,4502.0,8.57,2.5,719,235,1,2021-08-07,SUP014
PROD0714,SG Yoga 202,Sports & Fitness,Yoga,SG,8989.0,7641.0,15,3950.0,4.83,2.7,1669,130,1,2019-08-01,SUP040
PROD0715,Hawkins Cookware 235,Home & Kitchen,Cookware,Hawkins,1997.0,998.0,50,481.0,14.67,2.7,3615,44,1,2021-07-27,SUP035
PROD0716,Fisher-Price Educational 408,Toys & Games,Educational,Fisher-Price,6084.0,5476.0,10,2414.0,0.66,2.7,1844,420,1,2021-01-20,SUP017
PROD0717,Philips Cleaning 602,Home & Kitchen,Cleaning,Philips,14735.0,8841.0,40,5747.0,12.01,4.9,436,28,1,2021-06-30,SUP026
PROD0718,Prestige Bedding 401,Home & Kitchen,Bedding,Prestige,11951.0,11353.0,5,7725.0,6.08,4.4,76,55,1,2020-10-22,SUP006
PROD0719,HarperCollins Business 655,Books,Business,HarperCollins,1956.0,1369.0,30,734.0,1.11,2.7,495,33,1,2018-10-03,SUP042
PROD0720,Nilkamal Lighting 663,Home & Kitchen,Lighting,Nilkamal,18937.0,17043.0,10,11545.0,0.53,4.6,3679,185,1,2021-12-11,SUP030
PROD0721,Aashirvaad Beverages 398,Grocery,Beverages,Aashirvaad,1586.0,1586.0,0,778.0,11.52,3.9,4421,37,1,2019-12-03,SUP025
PROD0722,Britannia Dairy 590,Grocery,Dairy,Britannia,1637.0,1473.0,10,735.0,13.78,2.5,3469,232,1,2018-08-16,SUP004
PROD0723,Biotique Makeup 431,Beauty & Health,Makeup,Biotique,3472.0,3125.0,10,1577.0,5.27,3.9,2377,399,1,2022-05-04,SUP016
PROD0724,Nestle Beverages 601,Grocery,Beverages,Nestle,873.0,873.0,0,423.0,3.17,3.4,3426,1,1,2022-11-18,SUP007
PROD0725,Faber-Castell Whiteboards 313,Office Supplies,Whiteboards,Faber-Castell,1493.0,746.0,50,413.0,5.81,3.8,2148,369,1,2021-02-10,SUP013
PROD0726,Apple Cameras 787,Electronics,Cameras,Apple,66337.0,49753.0,25,21486.0,4.51,3.0,3795,473,1,2021-03-14,SUP011
PROD0727,Nilkamal Stationery 888,Office Supplies,Stationery,Nilkamal,5531.0,4978.0,10,2809.0,8.55,4.1,1165,244,1,2022-10-28,SUP034
PROD0728,Nike Bags & Wallets 240,Fashion,Bags & Wallets,Nike,13752.0,11002.0,20,5579.0,6.61,4.6,1231,62,1,2021-04-17,SUP014
PROD0729,S.Chand Self-Help 842,Books,Self-Help,S.Chand,849.0,764.0,10,360.0,0.18,3.2,1587,116,1,2018-03-05,SUP032
PROD0730,Aashirvaad Beverages 430,Grocery,Beverages,Aashirvaad,696.0,626.0,10,405.0,8.25,3.3,4155,292,1,2018-01-02,SUP014
PROD0731,Bata Men Clothing 675,Fashion,Men Clothing,Bata,7882.0,6700.0,15,4408.0,1.22,4.8,2524,257,1,2021-04-22,SUP026
PROD0732,Britannia Staples 493,Grocery,Staples,Britannia,1921.0,1441.0,25,637.0,4.3,3.6,2300,39,1,2019-06-13,SUP033
PROD0733,CEAT Car Accessories 808,Automotive,Car Accessories,CEAT,18650.0,16785.0,10,11481.0,11.25,4.4,287,260,1,2022-08-07,SUP046
PROD0734,Zara Sunglasses 468,Fashion,Sunglasses,Zara,5362.0,4022.0,25,2755.0,14.8,3.5,3838,78,1,2022-04-03,SUP047
PROD0735,Nilkamal Furniture 630,Office Supplies,Furniture,Nilkamal,3313.0,1988.0,40,936.0,1.52,3.7,3389,91,1,2022-10-03,SUP030
PROD0736,Philips Furniture 194,Home & Kitchen,Furniture,Philips,49223.0,36917.0,25,20586.0,4.76,3.2,3300,334,1,2018-05-09,SUP018
PROD0737,Biotique Skincare 638,Beauty & Health,Skincare,Biotique,1299.0,1104.0,15,480.0,9.64,2.7,3832,163,1,2021-10-30,SUP044
PROD0738,Biotique Supplements 149,Beauty & Health,Supplements,Biotique,2637.0,2637.0,0,1749.0,8.02,4.9,984,226,1,2018-10-31,SUP003
PROD0739,Puma Footwear 919,Fashion,Footwear,Puma,12802.0,7681.0,40,4234.0,9.93,3.6,1467,152,1,2021-05-11,SUP008
PROD0740,Dabur Staples 620,Grocery,Staples,Dabur,1228.0,1105.0,10,551.0,10.35,3.5,1704,423,1,2018-09-09,SUP037
PROD0741,H&M Footwear 659,Fashion,Footwear,H&M,10535.0,7374.0,30,3499.0,3.06,3.5,2510,86,1,2019-02-09,SUP049
PROD0742,Penguin Fiction 176,Books,Fiction,Penguin,257.0,206.0,20,103.0,6.33,3.9,1556,53,1,2019-11-28,SUP011
PROD0743,Patanjali Makeup 692,Beauty & Health,Makeup,Patanjali,3563.0,2494.0,30,1235.0,14.69,4.4,1492,342,1,2022-08-03,SUP003
PROD0744,Amul Dairy 235,Grocery,Dairy,Amul,391.0,313.0,20,206.0,12.76,3.9,4745,440,1,2020-05-30,SUP007
PROD0745,Nilkamal Lighting 368,Home & Kitchen,Lighting,Nilkamal,38050.0,32342.0,15,17359.0,8.88,4.1,1849,276,1,2022-11-05,SUP015
PROD0746,Aashirvaad Spices 667,Grocery,Spices,Aashirvaad,597.0,298.0,50,193.0,8.44,4.8,2966,460,1,2019-12-26,SUP005
PROD0747,H&M Men Clothing 612,Fashion,Men Clothing,H&M,5128.0,4872.0,5,2830.0,13.64,4.8,4913,332,1,2022-03-05,SUP017
PROD0748,Himalaya Skincare 516,Beauty & Health,Skincare,Himalaya,2919.0,2627.0,10,1420.0,13.91,2.9,2239,435,1,2018-10-14,SUP020
PROD0749,Peter England Sunglasses 738,Fashion,Sunglasses,Peter England,10888.0,5444.0,50,3552.0,10.57,2.9,1792,219,1,2021-04-27,SUP035
PROD0750,Patanjali Haircare 524,Beauty & Health,Haircare,Patanjali,852.0,426.0,50,247.0,0.76,3.5,4794,68,1,2021-09-11,SUP046
PROD0751,Amul Organic 992,Grocery,Organic,Amul,785.0,706.0,10,404.0,12.82,4.0,3723,440,1,2020-10-05,SUP038
PROD0752,Classmate Whiteboards 294,Office Supplies,Whiteboards,Classmate,105.0,100.0,5,50.0,0.45,3.8,4194,109,1,2021-07-04,SUP022
PROD0753,Nilkamal Furniture 559,Office Supplies,Furniture,Nilkamal,7577.0,6819.0,10,3131.0,12.38,4.8,1303,263,1,2019-03-22,SUP033
PROD0754,Nilkamal Storage 253,Office Supplies,Storage,Nilkamal,6693.0,6693.0,0,3273.0,9.67,4.8,267,186,1,2018-02-24,SUP030
PROD0755,Boat Headphones 625,Electronics,Headphones,Boat,137755.0,110204.0,20,77043.0,0.43,3.9,1791,233,1,2020-11-23,SUP018
PROD0756,Bosch Bike Accessories 216,Automotive,Bike Accessories,Bosch,6975.0,6626.0,5,4277.0,1.93,4.7,2758,291,1,2022-05-24,SUP006
PROD0757,Britannia Organic 168,Grocery,Organic,Britannia,1827.0,1644.0,10,763.0,1.11,3.1,1233,68,1,2021-06-24,SUP005
PROD0758,Toyzone Outdoor 810,Toys & Games,Outdoor,Toyzone,3334.0,1667.0,50,727.0,7.18,3.7,1848,46,1,2018-10-27,SUP010
PROD0759,Toyzone Outdoor 991,Toys & Games,Outdoor,Toyzone,6886.0,6886.0,0,3076.0,11.09,2.7,928,50,1,2019-05-19,SUP037
PROD0760,Nike Women Clothing 543,Fashion,Women Clothing,Nike,7587.0,7587.0,0,3168.0,6.06,3.7,2975,200,1,2022-10-10,SUP032
PROD0761,Penguin Self-Help 236,Books,Self-Help,Penguin,1703.0,1533.0,10,716.0,5.46,3.6,3367,488,1,2022-03-21,SUP048
PROD0762,3M Tyres 277,Automotive,Tyres,3M,17305.0,8652.0,50,4482.0,0.59,3.9,4386,77,1,2018-12-29,SUP015
PROD0763,Classmate Printers 337,Office Supplies,Printers,Classmate,7551.0,5286.0,30,3172.0,4.7,3.1,110,229,1,2018-08-12,SUP004
PROD0764,S.Chand Self-Help 463,Books,Self-Help,S.Chand,232.0,174.0,25,99.0,3.93,4.7,132,435,1,2018-05-11,SUP015
PROD0765,Hawkins Decor 848,Home & Kitchen,Decor,Hawkins,8385.0,7546.0,10,3978.0,9.58,3.5,260,0,1,2021-12-12,SUP001
PROD0766,Asian Paints Cleaning 296,Home & Kitchen,Cleaning,Asian Paints,22540.0,18032.0,20,9985.0,11.03,4.6,4436,210,1,2022-02-14,SUP022
PROD0767,Canon Furniture 377,Office Supplies,Furniture,Canon,3166.0,1583.0,50,719.0,9.52,3.6,4226,371,0,2020-05-21,SUP012
PROD0768,Oxford Non-Fiction 575,Books,Non-Fiction,Oxford,1198.0,1078.0,10,640.0,7.66,2.9,4219,455,1,2021-04-05,SUP004
PROD0769,Castrol Car Accessories 730,Automotive,Car Accessories,Castrol,6573.0,5258.0,20,3058.0,8.27,2.8,2668,393,1,2019-12-09,SUP030
PROD0770,Oxford Children 135,Books,Children,Oxford,165.0,165.0,0,92.0,12.96,3.3,2425,15,1,2022-02-05,SUP044
PROD0771,Zara Jewellery 117,Fashion,Jewellery,Zara,12624.0,10730.0,15,6360.0,9.72,3.0,2986,307,1,2022-06-18,SUP020
PROD0772,Realme Laptops 894,Electronics,Laptops,Realme,102250.0,76688.0,25,52186.0,8.95,4.7,4910,5,1,2021-11-29,SUP041
PROD0773,Haldirams Snacks 400,Grocery,Snacks,Haldirams,1000.0,600.0,40,299.0,8.07,2.8,3697,222,1,2019-02-11,SUP012
PROD0774,Philips Cleaning 147,Home & Kitchen,Cleaning,Philips,28708.0,21531.0,25,12805.0,2.74,3.5,2111,75,1,2019-02-10,SUP036
PROD0775,Godrej Cookware 522,Home & Kitchen,Cookware,Godrej,26332.0,23699.0,10,12106.0,11.74,4.0,3610,232,1,2022-03-27,SUP034
PROD0776,Hasbro Electronic Toys 187,Toys & Games,Electronic Toys,Hasbro,1719.0,1461.0,15,603.0,3.81,3.6,985,479,1,2021-11-24,SUP005
PROD0777,Mattel Outdoor 600,Toys & Games,Outdoor,Mattel,1259.0,1133.0,10,686.0,11.8,3.5,1096,166,1,2021-02-23,SUP047
PROD0778,Godrej Storage 156,Office Supplies,Storage,Godrej,6006.0,5105.0,15,3351.0,4.82,4.4,2362,85,1,2020-02-15,SUP002
PROD0779,Toyzone Action Figures 822,Toys & Games,Action Figures,Toyzone,2330.0,1631.0,30,741.0,11.2,3.0,1360,361,1,2018-11-01,SUP025
PROD0780,Realme TV & Monitors 261,Electronics,TV & Monitors,Realme,12477.0,6238.0,50,3270.0,12.64,4.0,721,323,1,2022-07-27,SUP005
PROD0781,Biotique Skincare 294,Beauty & Health,Skincare,Biotique,4002.0,3602.0,10,2416.0,12.11,4.5,492,255,1,2020-12-09,SUP002
PROD0782,Yonex Cycling 509,Sports & Fitness,Cycling,Yonex,23247.0,19760.0,15,12154.0,7.78,4.3,4546,192,1,2020-03-08,SUP033
PROD0783,Xiaomi Cameras 375,Electronics,Cameras,Xiaomi,71041.0,56833.0,20,35993.0,6.18,3.9,2079,235,1,2019-04-02,SUP032
PROD0784,Scholastic Academic 410,Books,Academic,Scholastic,1522.0,1065.0,30,738.0,4.87,4.5,1230,428,1,2020-08-02,SUP032
PROD0785,Penguin Children 370,Books,Children,Penguin,923.0,738.0,20,299.0,8.13,4.2,2047,263,1,2021-05-28,SUP029
PROD0786,Nivia Gym Equipment 852,Sports & Fitness,Gym Equipment,Nivia,28488.0,19942.0,30,12611.0,10.26,3.6,3219,43,1,2018-10-07,SUP017
PROD0787,Godrej Furniture 758,Office Supplies,Furniture,Godrej,4138.0,3931.0,5,1928.0,13.04,2.7,1561,314,0,2019-04-19,SUP005
PROD0788,Britannia Spices 979,Grocery,Spices,Britannia,1582.0,1186.0,25,641.0,7.84,4.9,3408,321,1,2021-11-04,SUP047
PROD0789,Apple Mobile Phones 222,Electronics,Mobile Phones,Apple,77233.0,77233.0,0,41623.0,12.9,2.6,2579,137,1,2022-10-28,SUP036
PROD0790,H&M Men Clothing 981,Fashion,Men Clothing,H&M,9153.0,4576.0,50,2537.0,12.69,3.8,261,1,1,2019-08-05,SUP002
PROD0791,Zara Bags & Wallets 215,Fashion,Bags & Wallets,Zara,2185.0,1092.0,50,659.0,14.35,2.7,396,211,1,2018-04-18,SUP029
PROD0792,Rupa Non-Fiction 506,Books,Non-Fiction,Rupa,324.0,324.0,0,200.0,4.94,4.8,3546,365,1,2020-01-13,SUP018
PROD0793,Himalaya Supplements 712,Beauty & Health,Supplements,Himalaya,3150.0,2678.0,15,1471.0,4.02,3.0,1897,291,1,2018-11-18,SUP049
PROD0794,Hasbro Outdoor 704,Toys & Games,Outdoor,Hasbro,453.0,385.0,15,220.0,12.05,5.0,850,217,0,2019-01-24,SUP050
PROD0795,LG Tablets 334,Electronics,Tablets,LG,83350.0,50010.0,40,27321.0,3.33,4.0,946,416,1,2020-08-13,SUP044
PROD0796,Canon Printers 822,Office Supplies,Printers,Canon,2781.0,2364.0,15,1138.0,9.46,4.5,789,495,1,2018-11-26,SUP002
PROD0797,Hawkins Storage 693,Home & Kitchen,Storage,Hawkins,36485.0,21891.0,40,9466.0,12.16,2.8,3076,4,1,2022-05-08,SUP001
PROD0798,Patanjali Makeup 993,Beauty & Health,Makeup,Patanjali,4794.0,3835.0,20,1692.0,12.14,2.7,767,455,1,2020-12-14,SUP019
PROD0799,OnePlus Smart Watches 869,Electronics,Smart Watches,OnePlus,13175.0,10540.0,20,6245.0,11.8,4.3,1836,115,1,2020-01-15,SUP017
PROD0800,SG Swimming 321,Sports & Fitness,Swimming,SG,21170.0,12702.0,40,8149.0,4.75,4.9,1414,6,1,2019-02-22,SUP011
